"체결시간","체결가","체결량"
"09:00:12 733","10600","1263"
"09:00:12 919","10550","-205"
"09:00:51 009","10500","-94"
"09:01:03 341","10500","-44"
"09:01:44 044","10500","-652"
"09:01:59 920","10500","+50"
"09:02:00 221","10500","-23"
"09:02:01 640","10500","-1"
"09:02:04 628","10500","-31"
"09:02:13 527","10500","-850"
"09:02:14 316","10500","+10"
"09:02:20 222","10500","+70"
"09:03:18 030","10550","+271"
"09:03:25 424","10550","-120"
"09:03:25 426","10550","-50"
"09:03:25 426","10550","-66"
"09:03:25 427","10550","-57"
"09:03:25 427","10550","-223"
"09:03:25 428","10550","-59"
"09:03:25 428","10550","-47"
"09:03:40 917","10550","+10"
"09:03:49 513","10500","-18"
"09:04:23 926","10500","-48"
"09:04:38 641","10500","-34"
"09:05:01 328","10500","-36"
"09:05:01 725","10500","-45"
"09:05:04 435","10500","-100"
"09:05:05 524","10500","-380"
"09:05:13 324","10500","-10"
"09:05:33 114","10500","-4"
"09:05:57 127","10550","+863"
"09:06:04 934","10550","+560"
"09:06:11 923","10550","+161"
"09:06:39 707","10550","-1"
"09:07:01 022","10550","-36"
"09:07:01 730","10550","-45"
"09:07:02 416","10550","-40"
"09:07:17 514","10550","-3"
"09:07:39 116","10600","+700"
"09:07:39 327","10600","+4"
"09:07:39 916","10600","+100"
"09:08:37 827","10550","-5"
"09:08:46 417","10550","-913"
"09:08:49 214","10550","+87"
"09:09:01 038","10550","-74"
"09:09:01 812","10550","-93"
"09:09:26 930","10550","-23"
"09:09:32 611","10550","-232"
"09:09:41 203","10550","-50"
"09:10:01 826","10550","-891"
"09:10:01 826","10500","-1398"
"09:10:31 822","10550","-10"
"09:10:37 913","10550","-491"
"09:10:42 034","10550","+1"
"09:10:43 900","10550","+358"
"09:10:56 910","10550","-5"
"09:11:09 917","10600","+53"
"09:12:27 128","10600","+100"
"09:12:33 929","10600","+5"
"09:13:11 432","10550","-1"
"09:13:28 110","10550","-137"
"09:13:33 303","10550","-150"
"09:13:33 435","10550","-322"
"09:14:43 107","10600","+300"
"09:15:10 019","10600","+200"
"09:15:12 009","10550","-38"
"09:15:26 520","10550","-1"
"09:16:37 022","10550","-1"
"09:16:37 027","10550","-200"
"09:16:38 117","10550","-100"
"09:16:51 914","10550","-200"
"09:17:05 204","10600","+60"
"09:17:15 622","10550","-1"
"09:17:21 513","10600","+1272"
"09:17:24 220","10600","-69"
"09:17:34 412","10600","-300"
"09:17:44 313","10600","-64"
"09:18:23 292","10600","+222"
"09:19:16 793","10600","+50"
"09:19:16 793","10600","+50"
"09:19:16 794","10600","+1"
"09:19:18 803","10600","+15"
"09:19:51 417","10600","+18"
"09:19:51 418","10600","+18"
"09:19:51 419","10600","+23"
"09:19:51 420","10600","+18"
"09:19:51 420","10600","+37"
"09:20:19 309","10550","-60"
"09:20:36 896","10550","-500"
"09:21:50 498","10550","-100"
"09:22:21 807","10550","-2"
"09:22:25 904","10550","-100"
"09:22:55 514","10600","+15"
"09:23:57 690","10550","-623"
"09:24:19 403","10550","+49"
"09:24:21 802","10550","+19"
"09:24:21 803","10550","+24"
"09:24:21 889","10550","+19"
"09:24:21 890","10550","+38"
"09:24:21 891","10550","+19"
"09:25:22 004","10550","+2"
"09:26:30 014","10550","+50"
"09:26:30 014","10550","+50"
"09:26:30 014","10550","+1"
"09:26:32 299","10550","+15"
"09:26:56 993","10550","+25"
"09:27:02 595","10500","-1000"
"09:27:20 796","10500","-24"
"09:27:34 205","10550","+10"
"09:28:52 294","10550","+19"
"09:28:52 294","10550","+37"
"09:28:52 295","10550","+24"
"09:28:52 296","10550","+19"
"09:28:52 296","10550","+19"
"09:28:55 594","10550","+2850"
"09:28:56 909","10600","+8"
"09:29:15 902","10600","+1"
"09:29:39 202","10550","-1"
"09:29:50 416","10550","-100"
"09:29:50 591","10600","+4"
"09:29:54 288","10550","-10"
"09:30:09 083","10600","+15"
"09:30:12 905","10600","+1887"
"09:30:13 398","10600","+10"
"09:30:14 390","10600","+4"
"09:30:18 605","10600","+41"
"09:30:53 786","10600","+4"
"09:30:56 001","10600","+1"
"09:32:16 094","10600","+37"
"09:32:36 394","10600","+1000"
"09:32:38 008","10600","+1000"
"09:32:44 281","10600","+315"
"09:32:44 282","10650","+1"
"09:32:47 210","10650","+1"
"09:33:00 804","10650","+1"
"09:33:12 388","10650","+23"
"09:33:16 682","10650","+10"
"09:33:19 707","10650","+1897"
"09:33:20 813","10650","-5"
"09:33:22 787","10700","+19"
"09:33:22 787","10700","+38"
"09:33:22 788","10700","+19"
"09:33:22 789","10700","+19"
"09:33:22 791","10700","+24"
"09:33:23 104","10700","+4"
"09:33:23 592","10700","+1"
"09:33:25 385","10650","-15"
"09:33:28 509","10700","+1"
"09:33:34 893","10650","-9"
"09:33:35 309","10700","+37"
"09:33:38 193","10700","+1"
"09:33:42 998","10700","+50"
"09:33:42 998","10700","+50"
"09:33:42 999","10700","+1"
"09:33:43 596","10700","+200"
"09:33:45 789","10700","+15"
"09:33:48 481","10700","+1"
"09:34:04 398","10650","-10"
"09:34:04 482","10700","+200"
"09:34:05 793","10700","+1"
"09:34:05 908","10650","-1"
"09:34:08 795","10650","-2"
"09:34:09 911","10700","+1"
"09:34:10 399","10650","-1"
"09:34:12 916","10700","+1"
"09:34:16 514","10700","+1"
"09:34:16 798","10700","+159"
"09:34:18 161","10700","+200"
"09:34:19 387","10700","+1"
"09:34:22 487","10700","+1"
"09:34:24 992","10700","+1000"
"09:34:25 519","10700","+1"
"09:34:27 685","10700","+13"
"09:34:29 113","10700","+2"
"09:34:30 279","10700","+1"
"09:34:32 999","10700","+100"
"09:34:33 104","10700","+1"
"09:34:36 083","10700","+1"
"09:34:38 294","10700","+104"
"09:34:39 078","10700","+1"
"09:34:40 192","10700","+824"
"09:34:42 089","10750","+1"
"09:34:45 299","10750","+1"
"09:34:45 985","10750","+2"
"09:34:50 285","10750","+1"
"09:34:52 312","10700","-10"
"09:34:52 488","10750","+300"
"09:34:56 297","10750","+1"
"09:34:58 283","10750","+1"
"09:35:03 805","10750","+281"
"09:35:04 690","10750","+2422"
"09:35:06 591","10800","+1"
"09:35:10 485","10800","+1"
"09:35:11 281","10800","+1"
"09:35:13 497","10800","+1"
"09:35:16 301","10800","+1"
"09:35:16 405","10800","+1"
"09:35:20 592","10800","+1"
"09:35:24 804","10800","+1"
"09:35:26 097","10750","-10"
"09:35:29 207","10800","+1"
"09:35:31 596","10750","-71"
"09:35:32 985","10750","+70"
"09:35:34 004","10750","+1"
"09:35:37 291","10750","+23"
"09:35:40 386","10750","+60"
"09:35:41 997","10750","+1"
"09:35:46 991","10750","+2"
"09:35:51 404","10750","+3"
"09:35:51 697","10750","+2"
"09:35:53 003","10750","+100"
"09:35:56 087","10750","+1"
"09:35:59 281","10750","+250"
"09:36:01 188","10750","+1"
"09:36:05 792","10750","+1"
"09:36:08 383","10750","+41"
"09:36:10 699","10750","+1"
"09:36:16 492","10750","+1"
"09:36:18 806","10750","+65"
"09:36:26 115","10750","+1"
"09:36:26 978","10700","-978"
"09:36:26 986","10700","-1750"
"09:36:28 585","10650","-11"
"09:36:28 707","10700","+1"
"09:36:37 699","10700","+1"
"09:36:41 791","10700","+1"
"09:36:44 898","10700","+1"
"09:36:48 724","10700","+1"
"09:36:51 783","10700","+1"
"09:37:07 594","10700","+1"
"09:37:10 589","10700","+1"
"09:37:16 102","10700","+1"
"09:37:19 977","10700","+1"
"09:37:19 987","10700","+50"
"09:37:19 987","10700","+50"
"09:37:19 987","10700","+1"
"09:37:22 582","10700","+15"
"09:37:26 483","10700","+1"
"09:37:37 683","10700","+1"
"09:37:53 200","10700","+18"
"09:37:53 201","10700","+18"
"09:37:53 201","10700","+23"
"09:37:53 202","10700","+37"
"09:37:53 285","10700","+18"
"09:37:56 601","10700","+9"
"09:38:01 610","10700","+20"
"09:38:01 610","10700","+4"
"09:38:01 611","10700","+33"
"09:38:03 116","10650","-200"
"09:38:03 195","10650","-580"
"09:38:03 992","10700","+100"
"09:38:05 690","10700","+7"
"09:38:05 691","10700","+7"
"09:38:05 692","10700","+14"
"09:38:05 692","10700","+7"
"09:38:05 694","10700","+7"
"09:38:09 082","10700","+1"
"09:38:13 811","10700","+15"
"09:38:19 798","10650","-1"
"09:38:20 491","10650","+59"
"09:38:25 578","10700","+1"
"09:38:28 092","10700","+1"
"09:38:31 409","10700","+2"
"09:38:34 686","10700","+1"
"09:38:47 089","10700","+1"
"09:38:49 999","10650","-1051"
"09:39:05 996","10650","+1"
"09:39:13 979","10650","+200"
"09:39:19 792","10650","+1"
"09:39:29 999","10650","+1"
"09:39:39 591","10650","+100"
"09:39:52 502","10650","+10"
"09:39:58 205","10650","+1"
"09:40:02 297","10650","+1"
"09:40:06 709","10650","+1"
"09:40:09 899","10650","+1"
"09:40:13 593","10650","+19"
"09:40:13 594","10650","+3"
"09:40:13 595","10650","+32"
"09:40:16 879","10650","+1"
"09:40:22 075","10650","+6"
"09:40:22 076","10650","+6"
"09:40:22 077","10650","+6"
"09:40:22 077","10650","+6"
"09:40:22 078","10650","+13"
"09:40:27 879","10650","+1"
"09:40:40 487","10650","+20"
"09:40:41 592","10650","+49"
"09:40:42 586","10700","+8"
"09:40:42 787","10700","+1"
"09:40:56 997","10700","+50"
"09:40:56 997","10700","+1"
"09:40:56 998","10700","+50"
"09:40:59 297","10700","+15"
"09:41:07 089","10700","+1"
"09:41:22 676","10700","+1"
"09:41:29 684","10700","+467"
"09:41:32 083","10700","+1"
"09:41:41 175","10700","+1"
"09:41:52 782","10700","+1"
"09:41:52 879","10700","+3"
"09:42:05 299","10700","+1"
"09:42:06 185","10650","-193"
"09:42:10 281","10700","+1"
"09:42:24 595","10700","+19"
"09:42:24 597","10700","+3"
"09:42:24 598","10700","+32"
"09:42:29 696","10700","+186"
"09:42:30 984","10650","-119"
"09:42:32 907","10650","+1"
"09:42:38 100","10650","+7"
"09:42:38 102","10650","+7"
"09:42:38 104","10650","+7"
"09:42:38 104","10650","+13"
"09:42:38 104","10650","+7"
"09:43:29 583","10650","+8"
"09:44:03 193","10650","+1"
"09:44:20 478","10650","+1"
"09:44:23 004","10650","+1"
"09:44:30 003","10650","+1"
"09:44:34 026","10650","+50"
"09:44:34 026","10650","+1"
"09:44:34 026","10650","+50"
"09:44:36 095","10650","+15"
"09:44:36 598","10650","+20"
"09:44:36 598","10650","+3"
"09:44:36 599","10650","+32"
"09:44:46 405","10600","-50"
"09:44:49 683","10650","+1"
"09:44:55 073","10650","+6"
"09:44:55 073","10650","+6"
"09:44:55 073","10650","+6"
"09:44:55 074","10650","+6"
"09:44:55 075","10650","+14"
"09:45:05 075","10650","+10"
"09:45:07 579","10650","+1"
"09:45:14 872","10600","-68"
"09:45:19 282","10650","+1"
"09:45:23 284","10650","+1"
"09:45:31 687","10600","-100"
"09:45:31 691","10600","-1669"
"09:45:36 662","10650","+1"
"09:46:15 577","10600","+8"
"09:46:48 578","10600","+19"
"09:46:48 578","10600","+3"
"09:46:48 578","10600","+33"
"09:46:49 984","10600","+10"
"09:46:54 179","10600","+19"
"09:46:54 180","10600","+37"
"09:46:54 182","10600","+16"
"09:46:55 782","10650","+1"
"09:47:08 600","10600","-1"
"09:47:11 084","10650","+7"
"09:47:11 093","10650","+7"
"09:47:11 094","10650","+7"
"09:47:11 098","10650","+7"
"09:47:11 100","10650","+13"
"09:47:11 192","10650","+1"
"09:47:24 796","10650","+1"
"09:47:48 776","10650","+10"
"09:47:55 003","10650","+1"
"09:47:57 769","10650","+1"
"09:47:59 886","10600","-246"
"09:48:04 071","10650","+1"
"09:48:08 465","10550","-26"
"09:48:12 378","10650","+1"
"09:48:12 857","10650","+15"
"09:48:40 276","10650","+1"
"09:48:45 788","10650","+1"
"09:48:59 588","10650","+19"
"09:48:59 588","10650","+4"
"09:48:59 588","10650","+32"
"09:49:00 381","10650","+1"
"09:49:01 585","10650","+8"
"09:49:26 634","10650","+1"
"09:49:28 133","10650","+6"
"09:49:28 134","10650","+6"
"09:49:28 137","10650","+13"
"09:49:28 137","10650","+6"
"09:49:28 137","10650","+6"
"09:50:00 839","10650","+1"
"09:50:58 335","10650","+1"
"09:51:04 746","10650","+1"
"09:51:11 652","10650","+20"
"09:51:11 653","10650","+3"
"09:51:11 653","10650","+32"
"09:51:24 630","10650","+19"
"09:51:24 631","10650","+24"
"09:51:24 639","10650","+19"
"09:51:24 644","10650","+19"
"09:51:24 644","10650","+38"
"09:51:44 144","10650","+14"
"09:51:44 145","10650","+7"
"09:51:44 148","10650","+7"
"09:51:44 149","10650","+7"
"09:51:44 150","10650","+7"
"09:51:47 034","10650","+50"
"09:51:47 034","10650","+50"
"09:51:47 034","10650","+1"
"09:51:47 035","10650","+50"
"09:51:47 035","10650","+50"
"09:51:47 133","10650","+1"
"09:51:47 624","10650","+8"
"09:51:49 717","10650","+15"
"09:51:52 156","10600","-307"
"09:51:57 320","10650","+1"
"09:52:13 743","10600","-28"
"09:52:17 933","10650","+1"
"09:52:29 522","10650","+1"
"09:53:23 640","10650","+19"
"09:53:23 640","10650","+3"
"09:53:23 640","10650","+32"
"09:54:01 133","10650","+6"
"09:54:01 136","10650","+6"
"09:54:01 136","10650","+6"
"09:54:01 137","10650","+6"
"09:54:01 137","10650","+13"
"09:54:25 023","10650","+3"
"09:54:34 625","10650","+8"
"09:54:58 634","10600","-2"
"09:55:11 320","10650","+1"
"09:55:24 044","10650","+50"
"09:55:24 044","10650","+1"
"09:55:24 045","10650","+50"
"09:55:26 435","10650","+15"
"09:55:34 638","10650","+19"
"09:55:34 638","10650","+3"
"09:55:34 638","10650","+33"
"09:55:38 329","10650","+1"
"09:55:55 133","10650","+18"
"09:55:55 134","10650","+18"
"09:55:55 135","10650","+37"
"09:55:55 135","10650","+18"
"09:55:55 136","10650","+23"
"09:56:17 118","10650","+13"
"09:56:17 119","10650","+7"
"09:56:17 119","10650","+7"
"09:56:17 119","10650","+7"
"09:56:17 120","10650","+7"
"09:57:20 627","10650","+8"
"09:57:37 215","10600","-200"
"09:57:43 433","10650","+1"
"09:57:46 633","10650","+20"
"09:57:46 634","10650","+4"
"09:57:46 634","10650","+32"
"09:57:48 329","10650","+1"
"09:58:16 741","10650","+1"
"09:58:34 118","10650","+6"
"09:58:34 120","10650","+6"
"09:58:34 138","10650","+6"
"09:58:34 139","10650","+6"
"09:58:34 140","10650","+14"
"09:59:01 031","10650","+50"
"09:59:01 031","10650","+50"
"09:59:01 031","10650","+1"
"09:59:03 213","10650","+15"
"09:59:45 128","10650","+10"
"09:59:58 639","10650","+19"
"09:59:58 640","10650","+3"
"09:59:58 641","10650","+32"
"10:00:06 626","10650","+9"
"10:00:25 563","10650","+19"
"10:00:25 617","10650","+24"
"10:00:25 618","10650","+19"
"10:00:25 618","10650","+19"
"10:00:25 619","10650","+38"
"10:00:50 117","10650","+13"
"10:00:50 120","10650","+7"
"10:00:50 120","10650","+7"
"10:00:50 123","10650","+7"
"10:00:50 124","10650","+7"
"10:00:51 729","10650","+700"
"10:00:54 419","10650","+1"
"10:01:19 140","10600","-100"
"10:01:20 516","10650","+1"
"10:01:23 939","10650","+1"
"10:01:23 940","10650","+891"
"10:01:26 713","10700","+1"
"10:01:29 938","10700","+1"
"10:01:36 335","10700","+1"
"10:01:43 116","10700","+5"
"10:02:10 628","10700","+20"
"10:02:10 628","10700","+3"
"10:02:10 629","10700","+32"
"10:02:14 612","10700","+5"
"10:02:15 325","10650","-5"
"10:02:15 938","10700","+1"
"10:02:22 154","10650","-3"
"10:02:23 911","10650","-179"
"10:02:24 723","10650","+1"
"10:02:38 042","10650","+50"
"10:02:38 042","10650","+50"
"10:02:38 042","10650","+1"
"10:02:39 920","10650","+15"
"10:02:41 507","10650","+1"
"10:02:47 116","10650","+100"
"10:02:47 827","10650","+103"
"10:02:51 124","10700","+1"
"10:02:52 637","10700","+8"
"10:03:07 119","10700","+6"
"10:03:07 120","10700","+6"
"10:03:07 129","10700","+6"
"10:03:07 129","10700","+6"
"10:03:07 130","10700","+13"
"10:03:24 819","10700","+1"
"10:03:53 730","10700","+1"
"10:03:59 935","10700","+1"
"10:04:02 925","10700","+2"
"10:04:03 408","10650","-3"
"10:04:07 037","10700","+1"
"10:04:08 348","10650","-2"
"10:04:09 674","10700","+1"
"10:04:16 767","10700","+1"
"10:04:21 620","10700","+19"
"10:04:21 620","10700","+3"
"10:04:21 621","10700","+33"
"10:04:34 939","10700","+1"
"10:04:56 025","10700","+19"
"10:04:56 025","10700","+24"
"10:04:56 026","10700","+19"
"10:04:56 026","10700","+19"
"10:04:56 027","10700","+37"
"10:04:56 342","10650","-100"
"10:04:58 341","10650","-20"
"10:05:05 522","10700","+1"
"10:05:09 517","10650","-10"
"10:05:10 809","10700","+1"
"10:05:19 315","10700","+1"
"10:05:23 106","10700","+7"
"10:05:23 107","10700","+7"
"10:05:23 108","10700","+7"
"10:05:23 112","10700","+14"
"10:05:23 113","10700","+7"
"10:05:39 628","10700","+1"
"10:05:39 630","10700","+8"
"10:05:59 324","10650","-337"
"10:06:13 921","10650","+1"
"10:06:15 033","10650","+50"
"10:06:15 033","10650","+50"
"10:06:15 034","10650","+50"
"10:06:15 034","10650","+1"
"10:06:15 105","10650","+11"
"10:06:16 727","10700","+15"
"10:06:17 635","10700","+1"
"10:06:21 125","10700","+1"
"10:06:23 811","10700","+1"
"10:06:27 726","10650","-40"
"10:06:33 659","10650","+19"
"10:06:33 660","10650","+3"
"10:06:33 660","10650","+32"
"10:06:50 513","10650","+1"
"10:07:08 616","10650","+1"
"10:07:31 338","10600","-305"
"10:07:36 019","10650","+1"
"10:07:40 112","10650","+6"
"10:07:40 112","10650","+6"
"10:07:40 114","10650","+13"
"10:07:40 114","10650","+6"
"10:07:40 116","10650","+6"
"10:07:40 210","10650","+1"
"10:08:25 617","10650","+8"
"10:08:45 623","10650","+20"
"10:08:45 624","10650","+4"
"10:08:45 625","10650","+32"
"10:08:47 116","10600","-54"
"10:08:53 309","10650","+1"
"10:09:26 510","10650","+19"
"10:09:26 510","10650","+19"
"10:09:26 510","10650","+24"
"10:09:26 511","10650","+38"
"10:09:26 512","10650","+19"
"10:09:51 030","10650","+50"
"10:09:51 030","10650","+50"
"10:09:51 030","10650","+1"
"10:09:53 516","10650","+15"
"10:09:56 105","10650","+7"
"10:09:56 107","10650","+13"
"10:09:56 108","10650","+7"
"10:09:56 108","10650","+7"
"10:09:56 108","10650","+7"
"10:10:32 225","10650","+1"
"10:10:56 621","10650","+19"
"10:10:56 621","10650","+3"
"10:10:56 704","10650","+32"
"10:11:11 611","10650","+8"
"10:11:16 918","10650","+1"
"10:11:50 629","10650","+1"
"10:12:00 871","10650","+1"
"10:12:13 100","10650","+6"
"10:12:13 100","10650","+6"
"10:12:13 101","10650","+14"
"10:12:13 101","10650","+6"
"10:12:13 102","10650","+6"
"10:12:21 308","10600","-5"
"10:12:29 811","10650","+1"
"10:13:08 625","10650","+19"
"10:13:08 625","10650","+3"
"10:13:08 626","10650","+33"
"10:13:28 026","10650","+50"
"10:13:28 026","10650","+50"
"10:13:28 026","10650","+1"
"10:13:30 310","10650","+15"
"10:13:34 142","10600","-52"
"10:13:38 318","10650","+1"
"10:13:56 936","10650","+18"
"10:13:56 937","10650","+18"
"10:13:56 937","10650","+23"
"10:13:56 937","10650","+37"
"10:13:56 938","10650","+18"
"10:13:57 606","10650","+8"
"10:14:29 106","10650","+7"
"10:14:29 106","10650","+7"
"10:14:29 107","10650","+13"
"10:14:29 107","10650","+7"
"10:14:29 108","10650","+7"
"10:14:41 626","10650","+6"
"10:15:20 626","10650","+20"
"10:15:20 628","10650","+3"
"10:15:20 628","10650","+32"
"10:16:44 606","10650","+8"
"10:16:45 304","10600","-315"
"10:16:45 306","10600","-977"
"10:16:46 106","10650","+6"
"10:16:46 107","10650","+6"
"10:16:46 107","10650","+6"
"10:16:46 108","10650","+6"
"10:16:46 109","10650","+13"
"10:17:02 144","10600","-1"
"10:17:04 998","10600","+50"
"10:17:04 998","10600","+50"
"10:17:04 998","10600","+1"
"10:17:07 013","10600","+15"
"10:17:31 611","10600","+19"
"10:17:31 611","10600","+4"
"10:17:31 611","10600","+32"
"10:17:42 710","10600","+578"
"10:17:45 501","10650","+1"
"10:17:45 504","10600","-422"
"10:17:49 704","10650","+1"
"10:18:27 600","10600","-119"
"10:18:37 310","10650","+1"
"10:18:45 309","10600","-1"
"10:19:02 109","10600","+7"
"10:19:02 111","10600","+7"
"10:19:02 112","10600","+7"
"10:19:02 114","10600","+14"
"10:19:02 115","10600","+7"
"10:19:19 311","10600","+1"
"10:19:30 600","10600","+8"
"10:19:40 117","10600","+148"
"10:19:43 614","10650","+19"
"10:19:43 614","10650","+3"
"10:19:43 615","10650","+32"
"10:19:44 522","10650","+1"
"10:20:42 007","10650","+50"
"10:20:42 007","10650","+50"
"10:20:42 007","10650","+1"
"10:20:43 805","10650","+15"
"10:20:59 001","10600","-532"
"10:21:19 099","10600","+6"
"10:21:19 100","10600","+6"
"10:21:19 101","10600","+13"
"10:21:19 102","10600","+6"
"10:21:19 102","10600","+6"
"10:21:55 616","10600","+20"
"10:21:55 616","10600","+3"
"10:21:55 616","10600","+33"
"10:22:16 605","10600","+9"
"10:22:17 316","10600","+5"
"10:22:31 808","10600","+50"
"10:22:43 303","10550","-927"
"10:22:43 303","10500","-9073"
"10:22:57 912","10550","-118"
"10:23:35 096","10600","+7"
"10:23:35 097","10600","+7"
"10:23:35 098","10600","+7"
"10:23:35 098","10600","+7"
"10:23:35 102","10600","+13"
"10:23:50 895","10500","-1"
"10:23:54 508","10500","-1"
"10:24:06 610","10550","+19"
"10:24:06 611","10550","+3"
"10:24:06 611","10550","+32"
"10:24:07 097","10500","-107"
"10:24:10 014","10500","+293"
"10:24:20 504","10550","+15"
"10:24:31 491","10500","-100"
"10:24:53 388","10550","+30"
"10:25:02 599","10550","+6"
"10:25:06 101","10550","-2"
"10:25:16 999","10550","+100"
"10:25:51 100","10550","+6"
"10:25:51 101","10550","+6"
"10:25:51 102","10550","+6"
"10:25:51 102","10550","+14"
"10:25:51 108","10550","+6"
"10:26:18 600","10550","+19"
"10:26:18 601","10550","+3"
"10:26:18 601","10550","+32"
"10:27:28 296","10550","+19"
"10:27:28 297","10550","+19"
"10:27:28 297","10550","+38"
"10:27:28 297","10550","+24"
"10:27:28 298","10550","+19"
"10:27:37 411","10500","-1757"
"10:27:49 597","10500","+8"
"10:27:52 292","10500","+1"
"10:27:52 400","10450","-220"
"10:27:52 702","10450","-3"
"10:27:55 108","10500","+1"
"10:27:57 302","10500","+15"
"10:27:58 085","10500","+1"
"10:28:00 789","10500","+1"
"10:28:03 393","10500","+1"
"10:28:06 504","10500","+1"
"10:28:08 091","10500","+7"
"10:28:08 092","10500","+7"
"10:28:08 094","10500","+13"
"10:28:08 094","10500","+7"
"10:28:08 096","10500","+7"
"10:28:10 000","10500","+1"
"10:28:20 902","10500","+3"
"10:28:30 602","10500","+20"
"10:28:30 602","10500","+4"
"10:28:30 693","10500","+32"
"10:29:11 494","10500","+2000"
"10:29:29 196","10500","+1600"
"10:29:29 197","10500","+27"
"10:29:48 713","10550","+1"
"10:29:50 106","10500","-2"
"10:29:53 901","10550","+1"
"10:30:24 090","10550","+6"
"10:30:24 090","10550","+6"
"10:30:24 090","10550","+6"
"10:30:24 093","10550","+13"
"10:30:24 093","10550","+6"
"10:30:35 606","10550","+8"
"10:30:41 615","10550","+19"
"10:30:41 616","10550","+3"
"10:30:41 616","10550","+33"
"10:30:54 900","10550","+1"
"10:31:32 021","10550","+50"
"10:31:32 021","10550","+50"
"10:31:32 023","10550","+1"
"10:31:34 103","10550","+15"
"10:31:58 801","10550","+23"
"10:31:58 801","10550","+18"
"10:31:58 802","10550","+37"
"10:31:58 803","10550","+18"
"10:31:58 804","10550","+18"
"10:32:30 303","10550","+284"
"10:32:36 890","10550","+10"
"10:32:40 398","10550","+8"
"10:32:41 095","10550","+14"
"10:32:41 096","10550","+7"
"10:32:41 100","10550","+7"
"10:32:41 101","10550","+7"
"10:32:41 101","10550","+7"
"10:32:49 088","10550","+100"
"10:32:52 601","10550","+10"
"10:32:53 601","10550","+20"
"10:32:53 602","10550","+3"
"10:32:53 682","10550","+32"
"10:33:13 394","10550","+245"
"10:33:18 397","10550","+100"
"10:33:21 614","10550","+8"
"10:34:01 899","10550","+100"
"10:34:07 498","10550","+217"
"10:34:08 891","10600","+1"
"10:34:14 286","10600","+1"
"10:34:15 987","10600","+1"
"10:34:44 194","10550","-290"
"10:34:44 295","10550","-500"
"10:34:46 683","10600","+1"
"10:34:51 990","10600","+1"
"10:34:57 097","10600","+6"
"10:34:57 098","10600","+6"
"10:34:57 100","10600","+6"
"10:34:57 101","10600","+6"
"10:34:57 102","10600","+13"
"10:35:01 481","10600","+1"
"10:35:05 604","10600","+19"
"10:35:05 624","10600","+3"
"10:35:05 625","10600","+32"
"10:35:08 996","10600","+50"
"10:35:08 996","10600","+50"
"10:35:08 996","10600","+1"
"10:35:10 787","10600","+15"
"10:35:33 393","10600","+1"
"10:35:33 486","10550","-2"
"10:35:36 792","10600","+1"
"10:35:38 195","10600","+1"
"10:36:08 613","10600","+8"
"10:36:29 207","10600","+19"
"10:36:29 207","10600","+38"
"10:36:29 208","10600","+19"
"10:36:29 208","10600","+19"
"10:36:29 209","10600","+24"
"10:36:41 980","10550","-229"
"10:37:14 082","10600","+7"
"10:37:14 083","10600","+7"
"10:37:14 083","10600","+7"
"10:37:14 085","10600","+7"
"10:37:14 085","10600","+13"
"10:37:16 603","10600","+19"
"10:37:16 604","10600","+4"
"10:37:16 605","10600","+33"
"10:37:27 297","10600","+1"
"10:37:35 699","10600","+2"
"10:37:50 099","10600","+1"
"10:37:52 998","10600","+1"
"10:38:45 993","10600","+50"
"10:38:45 993","10600","+50"
"10:38:45 993","10600","+1"
"10:38:47 592","10600","+15"
"10:38:54 584","10600","+8"
"10:39:28 602","10600","+20"
"10:39:28 602","10600","+3"
"10:39:28 603","10600","+32"
"10:39:30 078","10600","+6"
"10:39:30 078","10600","+6"
"10:39:30 079","10600","+6"
"10:39:30 079","10600","+6"
"10:39:30 080","10600","+14"
"10:39:31 380","10600","+2"
"10:39:39 191","10550","-31"
"10:39:44 886","10600","+1"
"10:39:49 816","10600","+284"
"10:40:21 481","10600","+2"
"10:40:30 586","10600","+1"
"10:40:59 695","10600","+19"
"10:40:59 696","10600","+19"
"10:40:59 696","10600","+24"
"10:40:59 696","10600","+19"
"10:40:59 697","10600","+37"
"10:41:40 590","10600","+8"
"10:41:40 598","10600","+19"
"10:41:40 598","10600","+3"
"10:41:40 599","10600","+32"
"10:41:47 085","10600","+7"
"10:41:47 087","10600","+7"
"10:41:47 089","10600","+7"
"10:41:47 090","10600","+13"
"10:41:47 090","10600","+7"
"10:42:22 996","10600","+50"
"10:42:22 996","10600","+50"
"10:42:22 996","10600","+1"
"10:42:24 414","10600","+15"
"10:42:52 401","10600","+1"
"10:43:20 180","10600","+100"
"10:43:51 584","10600","+19"
"10:43:51 584","10600","+3"
"10:43:51 585","10600","+32"
"10:44:03 086","10600","+6"
"10:44:03 091","10600","+6"
"10:44:03 095","10600","+6"
"10:44:03 095","10600","+6"
"10:44:03 096","10600","+13"
"10:44:26 588","10600","+9"
"10:45:30 180","10600","+19"
"10:45:30 193","10600","+24"
"10:45:30 194","10600","+38"
"10:45:30 195","10600","+19"
"10:45:30 195","10600","+19"
"10:45:36 808","10600","+1"
"10:45:59 001","10600","+50"
"10:45:59 001","10600","+50"
"10:45:59 001","10600","+1"
"10:45:59 001","10600","+50"
"10:45:59 001","10600","+1"
"10:45:59 069","10600","+50"
"10:46:01 103","10600","+15"
"10:46:02 572","10550","-400"
"10:46:03 591","10600","+20"
"10:46:03 591","10600","+3"
"10:46:03 592","10600","+33"
"10:46:20 079","10600","+14"
"10:46:20 080","10600","+7"
"10:46:20 082","10600","+7"
"10:46:20 083","10600","+7"
"10:46:20 085","10600","+7"
"10:46:39 992","10600","+1"
"10:46:47 491","10600","+1"
"10:47:13 586","10600","+8"
"10:47:57 787","10550","-5"
"10:48:03 172","10600","+1"
"10:48:08 482","10600","+1"
"10:48:15 580","10600","+19"
"10:48:15 580","10600","+4"
"10:48:15 581","10600","+32"
"10:48:17 786","10550","-740"
"10:48:17 884","10550","-259"
"10:48:24 790","10550","-748"
"10:48:24 869","10600","+1"
"10:48:36 079","10600","+6"
"10:48:36 080","10600","+6"
"10:48:36 080","10600","+6"
"10:48:36 082","10600","+6"
"10:48:36 083","10600","+13"
"10:48:36 987","10600","+1"
"10:49:00 479","10600","+1"
"10:49:10 789","10600","+1"
"10:49:19 235","10600","+1"
"10:49:36 044","10600","+50"
"10:49:36 044","10600","+50"
"10:49:36 044","10600","+1"
"10:49:37 935","10600","+15"
"10:49:41 519","10600","+1"
"10:49:49 040","10600","+1"
"10:49:59 632","10600","+8"
"10:50:00 630","10600","+18"
"10:50:00 631","10600","+18"
"10:50:00 631","10600","+23"
"10:50:00 632","10600","+18"
"10:50:00 632","10600","+37"
"10:50:13 824","10600","+1"
"10:50:27 629","10600","+19"
"10:50:27 630","10600","+3"
"10:50:27 630","10600","+32"
"10:50:28 623","10600","+1"
"10:50:48 621","10600","+1"
"10:50:53 120","10600","+7"
"10:50:53 121","10600","+13"
"10:50:53 133","10600","+7"
"10:50:53 133","10600","+7"
"10:50:53 141","10600","+7"
"10:50:56 337","10600","+1"
"10:51:06 818","10600","+1"
"10:51:21 721","10600","+1"
"10:51:30 835","10600","+1"
"10:51:45 126","10600","+1"
"10:52:02 122","10600","+1"
"10:52:31 855","10600","+1"
"10:52:38 635","10600","+20"
"10:52:38 635","10600","+3"
"10:52:38 636","10600","+32"
"10:52:45 632","10600","+8"
"10:53:07 139","10600","+1"
"10:53:09 126","10600","+6"
"10:53:09 128","10600","+14"
"10:53:09 128","10600","+6"
"10:53:09 129","10600","+6"
"10:53:09 130","10600","+6"
"10:53:13 034","10600","+50"
"10:53:13 035","10600","+50"
"10:53:13 035","10600","+1"
"10:53:14 732","10600","+15"
"10:53:41 229","10550","-2"
"10:53:41 314","10550","+754"
"10:53:50 491","10600","+1"
"10:53:56 021","10600","+1"
"10:54:31 121","10600","+19"
"10:54:31 122","10600","+19"
"10:54:31 123","10600","+19"
"10:54:31 124","10600","+38"
"10:54:31 125","10600","+24"
"10:54:33 035","10600","+1"
"10:54:50 637","10600","+19"
"10:54:50 637","10600","+3"
"10:54:50 638","10600","+33"
"10:55:26 127","10600","+13"
"10:55:26 129","10600","+7"
"10:55:26 129","10600","+7"
"10:55:26 131","10600","+7"
"10:55:26 132","10600","+7"
"10:55:31 617","10600","+8"
"10:56:22 324","10550","-1"
"10:56:40 542","10550","-1"
"10:56:50 030","10550","+50"
"10:56:50 030","10550","+4"
"10:56:51 425","10600","+15"
"10:56:52 220","10600","+1"
"10:57:02 820","10600","+19"
"10:57:02 822","10600","+4"
"10:57:02 823","10600","+32"
"10:57:11 825","10600","+1"
"10:57:16 626","10600","+1"
"10:57:36 223","10600","+1"
"10:57:42 115","10600","+6"
"10:57:42 117","10600","+6"
"10:57:42 122","10600","+6"
"10:57:42 123","10600","+13"
"10:57:42 124","10600","+6"
"10:57:43 631","10600","+1"
"10:57:56 631","10550","-13"
"10:57:58 911","10600","+1"
"10:58:18 623","10600","+8"
"10:58:20 516","10550","-12"
"10:58:21 218","10550","-66"
"10:59:01 619","10600","+19"
"10:59:01 620","10600","+24"
"10:59:01 621","10600","+19"
"10:59:01 622","10600","+37"
"10:59:01 622","10600","+19"
"10:59:07 821","10550","-12"
"10:59:07 821","10500","-28"
"10:59:13 623","10550","+20"
"10:59:13 624","10550","+3"
"10:59:13 625","10550","+32"
"10:59:59 112","10550","+7"
"10:59:59 113","10550","+7"
"10:59:59 113","10550","+7"
"10:59:59 114","10550","+7"
"10:59:59 114","10550","+14"
"11:00:27 023","10550","+22"
"11:00:28 217","10600","+15"
"11:01:04 628","10600","+8"
"11:01:12 318","10600","+1"
"11:01:25 623","10600","+19"
"11:01:25 623","10600","+3"
"11:01:25 718","10600","+32"
"11:01:28 114","10600","+30"
"11:02:15 128","10600","+6"
"11:02:15 130","10600","+13"
"11:02:15 131","10600","+6"
"11:02:15 135","10600","+6"
"11:02:15 136","10600","+6"
"11:02:46 915","10550","-79"
"11:02:46 915","10500","-49"
"11:03:08 561","10600","+1"
"11:03:32 011","10600","+19"
"11:03:32 011","10600","+24"
"11:03:32 012","10600","+38"
"11:03:32 013","10600","+19"
"11:03:32 014","10600","+19"
"11:03:37 625","10600","+19"
"11:03:37 626","10600","+3"
"11:03:37 702","10600","+33"
"11:03:50 627","10600","+8"
"11:04:03 034","10600","+50"
"11:04:03 034","10600","+50"
"11:04:03 107","10600","+1"
"11:04:05 008","10600","+15"
"11:04:13 626","10600","+24"
"11:04:32 120","10600","+13"
"11:04:32 120","10600","+7"
"11:04:32 123","10600","+7"
"11:04:32 203","10600","+7"
"11:04:32 204","10600","+7"
"11:04:55 915","10600","+33"
"11:05:48 618","10600","+20"
"11:05:48 619","10600","+3"
"11:05:48 620","10600","+32"
"11:06:05 620","10600","+500"
"11:06:36 621","10600","+9"
"11:06:48 112","10600","+6"
"11:06:48 114","10600","+6"
"11:06:48 114","10600","+6"
"11:06:48 116","10600","+14"
"11:06:48 116","10600","+6"
"11:07:28 802","10600","+3"
"11:07:40 029","10600","+50"
"11:07:40 029","10600","+50"
"11:07:40 029","10600","+1"
"11:07:41 713","10600","+15"
"11:08:00 625","10600","+19"
"11:08:00 626","10600","+4"
"11:08:00 626","10600","+32"
"11:08:02 504","10600","+18"
"11:08:02 505","10600","+23"
"11:08:02 505","10600","+18"
"11:08:02 506","10600","+37"
"11:08:02 507","10600","+18"
"11:08:27 922","10600","+1"
"11:09:05 101","10600","+7"
"11:09:05 102","10600","+7"
"11:09:05 112","10600","+7"
"11:09:05 113","10600","+13"
"11:09:05 113","10600","+7"
"11:09:21 513","10550","-1"
"11:09:21 522","10550","+199"
"11:09:55 113","10600","+1"
"11:10:12 624","10600","+19"
"11:10:12 624","10600","+3"
"11:10:12 624","10600","+32"
"11:11:17 020","10600","+50"
"11:11:17 030","10600","+50"
"11:11:17 030","10600","+1"
"11:11:18 505","10600","+15"
"11:11:21 103","10600","+6"
"11:11:21 105","10600","+6"
"11:11:21 106","10600","+6"
"11:11:21 107","10600","+6"
"11:11:21 108","10600","+13"
"11:12:09 603","10600","+8"
"11:12:23 619","10600","+20"
"11:12:23 619","10600","+3"
"11:12:23 620","10600","+33"
"11:12:32 919","10600","+24"
"11:12:32 920","10600","+19"
"11:12:32 995","10600","+19"
"11:12:32 995","10600","+19"
"11:12:32 996","10600","+38"
"11:13:37 108","10600","+7"
"11:13:37 108","10600","+14"
"11:13:37 109","10600","+7"
"11:13:37 109","10600","+7"
"11:13:37 109","10600","+7"
"11:14:35 608","10600","+19"
"11:14:35 608","10600","+3"
"11:14:35 609","10600","+32"
"11:14:54 013","10600","+50"
"11:14:54 013","10600","+50"
"11:14:54 013","10600","+1"
"11:14:55 298","10600","+15"
"11:14:55 597","10600","+8"
"11:14:55 597","10600","+8"
"11:15:50 995","10550","-31"
"11:15:54 108","10600","+6"
"11:15:54 110","10600","+6"
"11:15:54 112","10600","+6"
"11:15:54 114","10600","+6"
"11:15:54 114","10600","+13"
"11:16:47 618","10600","+20"
"11:16:47 619","10600","+4"
"11:16:47 620","10600","+32"
"11:17:03 409","10600","+24"
"11:17:03 410","10600","+19"
"11:17:03 411","10600","+19"
"11:17:03 411","10600","+19"
"11:17:03 412","10600","+37"
"11:17:37 814","10600","+1"
"11:17:41 606","10600","+8"
"11:18:10 099","10600","+7"
"11:18:10 100","10600","+13"
"11:18:10 108","10600","+7"
"11:18:10 108","10600","+7"
"11:18:10 108","10600","+7"
"11:18:23 290","10600","+500"
"11:18:30 994","10600","+50"
"11:18:30 994","10600","+50"
"11:18:30 994","10600","+1"
"11:18:32 007","10600","+15"
"11:18:58 612","10600","+19"
"11:18:58 702","10600","+3"
"11:18:58 702","10600","+32"
"11:19:01 907","10600","+348"
"11:20:27 097","10650","+6"
"11:20:27 100","10650","+6"
"11:20:27 102","10650","+6"
"11:20:27 103","10650","+6"
"11:20:27 103","10650","+14"
"11:20:28 603","10650","+8"
"11:21:05 088","10650","+1"
"11:21:10 626","10650","+19"
"11:21:10 694","10650","+3"
"11:21:10 697","10650","+33"
"11:21:33 890","10650","+19"
"11:21:33 891","10650","+19"
"11:21:33 892","10650","+38"
"11:21:33 892","10650","+19"
"11:21:33 893","10650","+24"
"11:22:07 006","10650","+50"
"11:22:07 006","10650","+50"
"11:22:07 006","10650","+1"
"11:22:08 813","10650","+15"
"11:22:43 102","10650","+7"
"11:22:43 103","10650","+13"
"11:22:43 103","10650","+7"
"11:22:43 108","10650","+7"
"11:22:43 108","10650","+7"
"11:23:14 600","10650","+8"
"11:23:22 603","10650","+20"
"11:23:22 603","10650","+3"
"11:23:22 604","10650","+32"
"11:25:00 106","10650","+6"
"11:25:00 107","10650","+6"
"11:25:00 109","10650","+6"
"11:25:00 109","10650","+13"
"11:25:00 114","10650","+6"
"11:25:28 694","10650","+1"
"11:25:32 288","10600","-10"
"11:25:33 624","10650","+19"
"11:25:33 625","10650","+3"
"11:25:33 626","10650","+32"
"11:25:38 207","10600","-5"
"11:25:39 499","10650","+1"
"11:25:41 706","10600","-2000"
"11:25:44 085","10600","-164"
"11:25:45 302","10650","+1"
"11:25:45 595","10650","+15"
"11:25:45 700","10600","-1"
"11:26:00 593","10600","+8"
"11:26:04 295","10600","+18"
"11:26:04 295","10600","+37"
"11:26:04 296","10600","+18"
"11:26:04 296","10600","+23"
"11:26:04 297","10600","+18"
"11:26:22 702","10550","-150"
"11:26:24 397","10600","+1"
"11:26:59 199","10550","-10"
"11:27:02 910","10600","+1"
"11:27:16 086","10600","+7"
"11:27:16 107","10600","+7"
"11:27:16 108","10600","+7"
"11:27:16 109","10600","+14"
"11:27:16 111","10600","+7"
"11:27:20 693","10600","+3"
"11:27:45 615","10600","+19"
"11:27:45 615","10600","+4"
"11:27:45 681","10600","+32"
"11:28:46 617","10600","+9"
"11:29:21 085","10600","+50"
"11:29:21 085","10600","+1"
"11:29:21 085","10600","+50"
"11:29:22 288","10600","+15"
"11:29:33 090","10600","+6"
"11:29:33 091","10600","+6"
"11:29:33 091","10600","+6"
"11:29:33 092","10600","+6"
"11:29:33 093","10600","+13"
"11:29:57 606","10600","+20"
"11:29:57 607","10600","+3"
"11:29:57 607","10600","+33"
"11:30:34 782","10600","+24"
"11:30:34 782","10600","+19"
"11:30:34 783","10600","+38"
"11:30:34 784","10600","+19"
"11:30:34 797","10600","+19"
"11:30:52 996","10600","+1"
"11:31:33 601","10600","+8"
"11:31:49 093","10600","+7"
"11:31:49 094","10600","+7"
"11:31:49 095","10600","+7"
"11:31:49 096","10600","+13"
"11:31:49 098","10600","+7"
"11:32:08 600","10600","+19"
"11:32:08 600","10600","+3"
"11:32:08 601","10600","+32"
"11:32:20 795","10600","+30"
"11:32:45 883","10550","-1"
"11:32:59 089","10600","+15"
"11:34:06 081","10600","+6"
"11:34:06 083","10600","+6"
"11:34:06 084","10600","+6"
"11:34:06 085","10600","+14"
"11:34:06 087","10600","+6"
"11:34:19 584","10600","+8"
"11:34:20 588","10600","+19"
"11:34:20 589","10600","+3"
"11:34:20 589","10600","+32"
"11:34:46 774","10550","-1523"
"11:35:05 201","10550","+37"
"11:35:05 201","10550","+19"
"11:35:05 281","10550","+19"
"11:35:05 281","10550","+19"
"11:35:05 282","10550","+24"
"11:35:06 775","10500","-5"
"11:36:22 093","10550","+7"
"11:36:22 100","10550","+7"
"11:36:22 100","10550","+13"
"11:36:22 105","10550","+7"
"11:36:22 105","10550","+7"
"11:36:32 606","10550","+20"
"11:36:32 607","10550","+4"
"11:36:32 608","10550","+32"
"11:36:34 987","10550","+50"
"11:36:34 987","10550","+50"
"11:36:34 987","10550","+1"
"11:36:35 886","10550","+15"
"11:37:05 592","10550","+8"
"11:38:06 686","10500","-320"
"11:38:39 086","10550","+6"
"11:38:39 089","10550","+6"
"11:38:39 090","10550","+6"
"11:38:39 091","10550","+6"
"11:38:39 091","10550","+13"
"11:38:44 592","10550","+19"
"11:38:44 595","10550","+3"
"11:38:44 599","10550","+33"
"11:39:12 577","10500","-200"
"11:39:27 975","10550","+1"
"11:39:35 693","10550","+19"
"11:39:35 694","10550","+19"
"11:39:35 694","10550","+19"
"11:39:35 695","10550","+38"
"11:39:35 696","10550","+24"
"11:39:42 986","10550","+30"
"11:39:52 583","10550","+8"
"11:40:11 992","10550","+50"
"11:40:11 992","10550","+50"
"11:40:11 992","10550","+1"
"11:40:12 582","10550","+15"
"11:40:55 094","10550","+7"
"11:40:55 095","10550","+7"
"11:40:55 097","10550","+7"
"11:40:55 098","10550","+14"
"11:40:55 098","10550","+7"
"11:40:55 592","10550","+19"
"11:40:55 683","10550","+3"
"11:40:55 683","10550","+32"
"11:41:12 988","10500","-72"
"11:42:38 585","10550","+8"
"11:43:07 573","10550","+20"
"11:43:07 574","10550","+3"
"11:43:07 574","10550","+32"
"11:43:12 083","10550","+6"
"11:43:12 085","10550","+6"
"11:43:12 090","10550","+6"
"11:43:12 091","10550","+6"
"11:43:12 092","10550","+13"
"11:43:48 008","10550","+50"
"11:43:48 082","10550","+1"
"11:43:48 083","10550","+50"
"11:43:49 392","10550","+15"
"11:43:58 999","10500","-8"
"11:44:06 178","10550","+23"
"11:44:06 180","10550","+37"
"11:44:06 180","10550","+18"
"11:44:06 180","10550","+18"
"11:44:06 188","10550","+18"
"11:44:07 476","10500","-314"
"11:45:19 577","10550","+19"
"11:45:19 577","10550","+3"
"11:45:19 577","10550","+32"
"11:45:24 577","10550","+8"
"11:45:28 073","10550","+13"
"11:45:28 074","10550","+7"
"11:45:28 075","10550","+7"
"11:45:28 083","10550","+7"
"11:45:28 083","10550","+7"
"11:47:24 990","10550","+50"
"11:47:24 991","10550","+50"
"11:47:24 991","10550","+1"
"11:47:26 167","10550","+15"
"11:47:30 588","10550","+19"
"11:47:30 589","10550","+4"
"11:47:30 589","10550","+33"
"11:47:45 077","10550","+6"
"11:47:45 078","10550","+6"
"11:47:45 078","10550","+6"
"11:47:45 079","10550","+6"
"11:47:45 080","10550","+14"
"11:48:10 599","10550","+8"
"11:48:36 583","10550","+19"
"11:48:36 583","10550","+38"
"11:48:36 584","10550","+24"
"11:48:36 584","10550","+19"
"11:48:36 668","10550","+19"
"11:49:42 639","10550","+20"
"11:49:42 640","10550","+3"
"11:49:42 720","10550","+32"
"11:50:01 120","10550","+7"
"11:50:01 122","10550","+7"
"11:50:01 124","10550","+7"
"11:50:01 126","10550","+13"
"11:50:01 128","10550","+7"
"11:50:57 614","10550","+9"
"11:51:02 114","10550","+50"
"11:51:02 114","10550","+50"
"11:51:02 115","10550","+1"
"11:51:02 935","10550","+15"
"11:51:54 623","10550","+19"
"11:51:54 624","10550","+3"
"11:51:54 625","10550","+32"
"11:52:18 129","10550","+6"
"11:52:18 129","10550","+6"
"11:52:18 130","10550","+6"
"11:52:18 130","10550","+6"
"11:52:18 131","10550","+13"
"11:52:26 929","10500","-20"
"11:52:54 712","10550","+1"
"11:53:07 142","10550","+24"
"11:53:07 212","10550","+37"
"11:53:07 212","10550","+19"
"11:53:07 213","10550","+19"
"11:53:07 214","10550","+19"
"11:53:43 627","10550","+8"
"11:54:05 621","10550","+20"
"11:54:05 622","10550","+3"
"11:54:05 622","10550","+32"
"11:54:34 115","10550","+7"
"11:54:34 117","10550","+7"
"11:54:34 117","10550","+14"
"11:54:34 125","10550","+7"
"11:54:34 126","10550","+7"
"11:54:37 725","10550","+1893"
"11:54:39 039","10550","+50"
"11:54:39 040","10550","+50"
"11:54:39 040","10550","+1"
"11:54:39 715","10550","+15"
"11:56:17 626","10550","+19"
"11:56:17 627","10550","+4"
"11:56:17 707","10550","+33"
"11:56:29 616","10550","+8"
"11:56:51 118","10550","+6"
"11:56:51 120","10550","+6"
"11:56:51 121","10550","+6"
"11:56:51 121","10550","+6"
"11:56:51 122","10550","+13"
"11:57:37 620","10550","+19"
"11:57:37 620","10550","+38"
"11:57:37 621","10550","+24"
"11:57:37 621","10550","+19"
"11:57:37 622","10550","+19"
"11:58:16 031","10550","+50"
"11:58:16 031","10550","+50"
"11:58:16 031","10550","+1"
"11:58:16 521","10550","+15"
"11:58:29 641","10550","+19"
"11:58:29 713","10550","+3"
"11:58:29 714","10550","+32"
"11:59:07 117","10550","+7"
"11:59:07 117","10550","+7"
"11:59:07 118","10550","+13"
"11:59:07 119","10550","+7"
"11:59:07 121","10550","+7"
"11:59:15 619","10550","+8"
"12:00:40 627","10550","+20"
"12:00:40 627","10550","+3"
"12:00:40 627","10550","+32"
"12:01:23 113","10550","+6"
"12:01:23 114","10550","+6"
"12:01:23 114","10550","+6"
"12:01:23 115","10550","+14"
"12:01:23 115","10550","+6"
"12:01:52 033","10550","+50"
"12:01:52 034","10550","+1"
"12:01:52 101","10550","+50"
"12:01:53 233","10550","+15"
"12:02:02 627","10550","+8"
"12:02:08 033","10550","+18"
"12:02:08 034","10550","+37"
"12:02:08 035","10550","+18"
"12:02:08 036","10550","+18"
"12:02:08 038","10550","+23"
"12:02:52 623","10550","+19"
"12:02:52 623","10550","+3"
"12:02:52 704","10550","+32"
"12:03:40 110","10550","+7"
"12:03:40 112","10550","+7"
"12:03:40 124","10550","+7"
"12:03:40 124","10550","+13"
"12:03:40 124","10550","+7"
"12:04:48 623","10550","+8"
"12:05:04 624","10550","+19"
"12:05:04 625","10550","+3"
"12:05:04 625","10550","+33"
"12:05:29 024","10550","+50"
"12:05:29 024","10550","+50"
"12:05:29 024","10550","+1"
"12:05:30 012","10550","+15"
"12:05:54 601","10550","+5"
"12:05:56 110","10550","+6"
"12:05:56 112","10550","+6"
"12:05:56 112","10550","+6"
"12:05:56 112","10550","+6"
"12:05:56 113","10550","+13"
"12:06:38 508","10550","+19"
"12:06:38 509","10550","+24"
"12:06:38 510","10550","+19"
"12:06:38 510","10550","+19"
"12:06:38 511","10550","+38"
"12:07:15 610","10550","+20"
"12:07:15 611","10550","+4"
"12:07:15 704","10550","+32"
"12:07:34 222","10550","+14"
"12:07:34 605","10550","+8"
"12:08:13 104","10550","+7"
"12:08:13 106","10550","+7"
"12:08:13 107","10550","+7"
"12:08:13 107","10550","+7"
"12:08:13 108","10550","+14"
"12:08:42 299","10500","-100"
"12:09:00 221","10550","+1"
"12:09:06 048","10550","+50"
"12:09:06 049","10550","+50"
"12:09:06 049","10550","+1"
"12:09:06 617","10550","+1"
"12:09:06 812","10550","+15"
"12:09:07 117","10550","+1"
"12:09:27 615","10550","+19"
"12:09:27 615","10550","+3"
"12:09:27 702","10550","+32"
"12:10:20 614","10550","+8"
"12:10:29 108","10550","+6"
"12:10:29 110","10550","+6"
"12:10:29 112","10550","+6"
"12:10:29 113","10550","+6"
"12:10:29 114","10550","+13"
"12:11:08 919","10550","+19"
"12:11:08 993","10550","+37"
"12:11:08 994","10550","+19"
"12:11:08 994","10550","+19"
"12:11:08 995","10550","+24"
"12:11:39 623","10550","+19"
"12:11:39 623","10550","+3"
"12:11:39 624","10550","+32"
"12:12:43 004","10550","+50"
"12:12:43 104","10550","+50"
"12:12:43 105","10550","+1"
"12:12:43 512","10550","+15"
"12:12:46 110","10550","+13"
"12:12:46 114","10550","+7"
"12:12:46 114","10550","+7"
"12:12:46 114","10550","+7"
"12:12:46 115","10550","+7"
"12:13:07 610","10550","+9"
"12:13:50 619","10550","+20"
"12:13:50 694","10550","+3"
"12:13:50 694","10550","+33"
"12:15:02 106","10550","+6"
"12:15:02 106","10550","+6"
"12:15:02 107","10550","+6"
"12:15:02 109","10550","+14"
"12:15:02 109","10550","+6"
"12:15:39 402","10550","+24"
"12:15:39 402","10550","+19"
"12:15:39 403","10550","+19"
"12:15:39 404","10550","+38"
"12:15:39 405","10550","+19"
"12:15:53 596","10550","+8"
"12:16:02 613","10550","+19"
"12:16:02 614","10550","+4"
"12:16:02 692","10550","+32"
"12:16:19 998","10550","+50"
"12:16:19 998","10550","+1"
"12:16:19 999","10550","+50"
"12:16:20 302","10550","+15"
"12:16:57 804","10500","-100"
"12:17:18 401","10550","+1"
"12:17:19 106","10550","+7"
"12:17:19 106","10550","+7"
"12:17:19 106","10550","+7"
"12:17:19 107","10550","+7"
"12:17:19 107","10550","+13"
"12:18:14 600","10550","+19"
"12:18:14 605","10550","+3"
"12:18:14 605","10550","+32"
"12:18:39 602","10550","+8"
"12:19:35 090","10550","+6"
"12:19:35 091","10550","+6"
"12:19:35 092","10550","+6"
"12:19:35 092","10550","+6"
"12:19:35 102","10550","+13"
"12:19:56 095","10550","+50"
"12:19:56 095","10550","+50"
"12:19:56 095","10550","+1"
"12:19:57 102","10550","+15"
"12:20:09 907","10550","+18"
"12:20:09 908","10550","+23"
"12:20:09 908","10550","+37"
"12:20:09 909","10550","+18"
"12:20:09 910","10550","+18"
"12:20:25 608","10550","+20"
"12:20:25 608","10550","+3"
"12:20:25 609","10550","+32"
"12:21:25 591","10550","+8"
"12:21:52 108","10550","+14"
"12:21:52 110","10550","+7"
"12:21:52 111","10550","+7"
"12:21:52 113","10550","+7"
"12:21:52 114","10550","+7"
"12:22:37 610","10550","+19"
"12:22:37 611","10550","+3"
"12:22:37 701","10550","+33"
"12:23:10 888","10550","+5"
"12:23:33 012","10550","+50"
"12:23:33 086","10550","+1"
"12:23:33 087","10550","+50"
"12:23:33 802","10550","+15"
"12:24:02 699","10500","-1"
"12:24:08 090","10550","+6"
"12:24:08 092","10550","+6"
"12:24:08 096","10550","+6"
"12:24:08 097","10550","+6"
"12:24:08 098","10550","+13"
"12:24:12 596","10550","+8"
"12:24:40 319","10550","+19"
"12:24:40 320","10550","+24"
"12:24:40 320","10550","+38"
"12:24:40 320","10550","+19"
"12:24:40 384","10550","+19"
"12:24:49 597","10550","+19"
"12:24:49 598","10550","+3"
"12:24:49 598","10550","+32"
"12:26:25 111","10550","+13"
"12:26:25 121","10550","+7"
"12:26:25 126","10550","+7"
"12:26:25 129","10550","+7"
"12:26:25 130","10550","+7"
"12:26:58 596","10550","+8"
"12:27:01 600","10550","+20"
"12:27:01 600","10550","+4"
"12:27:01 601","10550","+32"
"12:27:10 100","10550","+50"
"12:27:10 101","10550","+1"
"12:27:10 105","10550","+50"
"12:27:10 589","10550","+15"
"12:28:41 090","10550","+6"
"12:28:41 097","10550","+6"
"12:28:41 191","10550","+6"
"12:28:41 192","10550","+6"
"12:28:41 198","10550","+14"
"12:28:51 908","10550","+5"
"12:29:10 789","10550","+24"
"12:29:10 789","10550","+19"
"12:29:10 789","10550","+37"
"12:29:10 790","10550","+19"
"12:29:10 790","10550","+19"
"12:29:12 601","10550","+19"
"12:29:12 602","10550","+3"
"12:29:12 603","10550","+33"
"12:29:44 600","10550","+8"
"12:29:47 596","10550","+10"
"12:30:46 996","10550","+50"
"12:30:46 997","10550","+50"
"12:30:46 997","10550","+1"
"12:30:47 308","10550","+15"
"12:30:58 092","10550","+7"
"12:30:58 093","10550","+13"
"12:30:58 095","10550","+7"
"12:30:58 096","10550","+7"
"12:30:58 097","10550","+7"
"12:30:58 099","10500","-2"
"12:31:24 588","10550","+20"
"12:31:24 589","10550","+3"
"12:31:24 589","10550","+32"
"12:31:51 282","10500","-5"
"12:32:06 792","10500","-800"
"12:32:13 290","10500","-70"
"12:32:31 619","10550","+8"
"12:33:07 899","10500","-100"
"12:33:14 090","10550","+6"
"12:33:14 091","10550","+6"
"12:33:14 091","10550","+6"
"12:33:14 091","10550","+6"
"12:33:14 094","10550","+13"
"12:33:36 581","10550","+19"
"12:33:36 582","10550","+3"
"12:33:36 582","10550","+32"
"12:33:41 286","10550","+24"
"12:33:41 294","10550","+19"
"12:33:41 295","10550","+19"
"12:33:41 295","10550","+38"
"12:33:41 296","10550","+19"
"12:34:19 996","10550","+33"
"12:34:23 983","10550","+50"
"12:34:23 983","10550","+50"
"12:34:23 983","10550","+1"
"12:34:24 099","10550","+15"
"12:35:17 087","10500","-3"
"12:35:17 590","10550","+8"
"12:35:31 088","10550","+14"
"12:35:31 090","10550","+7"
"12:35:31 093","10550","+7"
"12:35:31 093","10550","+7"
"12:35:31 093","10550","+7"
"12:35:47 598","10550","+19"
"12:35:47 598","10550","+4"
"12:35:47 598","10550","+32"
"12:37:47 073","10550","+6"
"12:37:47 074","10550","+6"
"12:37:47 075","10550","+6"
"12:37:47 075","10550","+13"
"12:37:47 075","10550","+6"
"12:37:59 595","10550","+20"
"12:37:59 595","10550","+3"
"12:37:59 595","10550","+33"
"12:38:00 074","10550","+50"
"12:38:00 074","10550","+50"
"12:38:00 074","10550","+1"
"12:38:00 902","10550","+15"
"12:38:03 590","10550","+9"
"12:38:11 677","10550","+18"
"12:38:11 677","10550","+18"
"12:38:11 678","10550","+23"
"12:38:11 678","10550","+37"
"12:38:11 679","10550","+18"
"12:40:04 087","10550","+7"
"12:40:04 087","10550","+13"
"12:40:04 088","10550","+7"
"12:40:04 092","10550","+7"
"12:40:04 093","10550","+7"
"12:40:11 580","10550","+19"
"12:40:11 580","10550","+3"
"12:40:11 580","10550","+32"
"12:40:49 582","10550","+8"
"12:41:36 984","10550","+50"
"12:41:36 984","10550","+50"
"12:41:36 984","10550","+1"
"12:41:37 595","10550","+15"
"12:42:20 075","10550","+6"
"12:42:20 076","10550","+6"
"12:42:20 077","10550","+14"
"12:42:20 081","10550","+6"
"12:42:20 082","10550","+6"
"12:42:22 616","10550","+19"
"12:42:22 616","10550","+3"
"12:42:22 617","10550","+32"
"12:42:42 179","10550","+24"
"12:42:42 179","10550","+38"
"12:42:42 180","10550","+19"
"12:42:42 181","10550","+19"
"12:42:42 181","10550","+19"
"12:43:36 567","10550","+8"
"12:43:48 674","10550","+61"
"12:43:51 986","10550","+10"
"12:44:07 476","10550","+10"
"12:44:34 612","10550","+20"
"12:44:34 613","10550","+3"
"12:44:34 670","10550","+32"
"12:44:37 071","10550","+7"
"12:44:37 073","10550","+7"
"12:44:37 074","10550","+7"
"12:44:37 075","10550","+7"
"12:44:37 075","10550","+13"
"12:45:07 797","10500","-20"
"12:45:14 382","10550","+15"
"12:45:56 892","10550","+10"
"12:46:16 887","10500","-20"
"12:46:22 582","10550","+8"
"12:46:29 974","10550","+80"
"12:46:37 882","10500","-500"
"12:46:46 575","10550","+19"
"12:46:46 575","10550","+4"
"12:46:46 677","10550","+33"
"12:46:53 069","10550","+6"
"12:46:53 069","10550","+13"
"12:46:53 070","10550","+6"
"12:46:53 071","10550","+6"
"12:46:53 072","10550","+6"
"12:47:01 481","10500","-300"
"12:47:12 581","10550","+19"
"12:47:12 581","10550","+19"
"12:47:12 582","10550","+24"
"12:47:12 667","10550","+19"
"12:47:12 668","10550","+37"
"12:48:50 985","10550","+50"
"12:48:50 985","10550","+50"
"12:48:50 985","10550","+1"
"12:48:51 176","10550","+15"
"12:48:57 581","10550","+19"
"12:48:57 582","10550","+3"
"12:48:57 582","10550","+32"
"12:49:08 577","10550","+8"
"12:49:10 076","10550","+7"
"12:49:10 078","10550","+7"
"12:49:10 079","10550","+14"
"12:49:10 079","10550","+7"
"12:49:10 080","10550","+7"
"12:51:09 645","10550","+20"
"12:51:09 645","10550","+3"
"12:51:09 720","10550","+32"
"12:51:26 125","10550","+6"
"12:51:26 125","10550","+6"
"12:51:26 126","10550","+6"
"12:51:26 126","10550","+6"
"12:51:26 126","10550","+13"
"12:51:43 118","10550","+19"
"12:51:43 118","10550","+19"
"12:51:43 119","10550","+19"
"12:51:43 120","10550","+38"
"12:51:43 121","10550","+24"
"12:51:54 622","10550","+8"
"12:52:27 932","10550","+15"
"12:52:28 036","10550","+50"
"12:52:28 036","10550","+50"
"12:52:28 119","10550","+1"
"12:53:21 627","10550","+19"
"12:53:21 627","10550","+3"
"12:53:21 628","10550","+32"
"12:53:42 127","10550","+7"
"12:53:42 130","10550","+7"
"12:53:42 134","10550","+7"
"12:53:42 135","10550","+13"
"12:53:42 135","10550","+7"
"12:54:41 615","10550","+8"
"12:55:28 531","10500","-300"
"12:55:32 633","10550","+19"
"12:55:32 634","10550","+4"
"12:55:32 634","10550","+33"
"12:55:59 121","10550","+6"
"12:55:59 121","10550","+6"
"12:55:59 122","10550","+14"
"12:55:59 127","10550","+6"
"12:55:59 128","10550","+6"
"12:56:04 021","10550","+50"
"12:56:04 021","10550","+50"
"12:56:04 021","10550","+1"
"12:56:04 721","10550","+15"
"12:56:13 607","10550","+18"
"12:56:13 607","10550","+18"
"12:56:13 608","10550","+18"
"12:56:13 608","10550","+37"
"12:56:13 608","10550","+23"
"12:57:27 622","10550","+8"
"12:57:44 624","10550","+20"
"12:57:44 624","10550","+3"
"12:57:44 625","10550","+32"
"12:58:15 132","10550","+7"
"12:58:15 134","10550","+7"
"12:58:15 135","10550","+13"
"12:58:15 135","10550","+7"
"12:58:15 136","10550","+7"
"12:59:41 027","10550","+50"
"12:59:41 027","10550","+50"
"12:59:41 115","10550","+1"
"12:59:41 516","10550","+15"
"12:59:56 622","10550","+19"
"12:59:56 622","10550","+3"
"12:59:56 622","10550","+32"
"13:00:13 626","10550","+9"
"13:00:32 115","10550","+6"
"13:00:32 115","10550","+6"
"13:00:32 116","10550","+6"
"13:00:32 117","10550","+6"
"13:00:32 118","10550","+13"
"13:00:44 019","10550","+19"
"13:00:44 025","10550","+19"
"13:00:44 025","10550","+38"
"13:00:44 027","10550","+19"
"13:00:44 028","10550","+24"
"13:02:07 619","10550","+20"
"13:02:07 619","10550","+3"
"13:02:07 620","10550","+32"
"13:02:48 118","10550","+14"
"13:02:48 119","10550","+7"
"13:02:48 120","10550","+7"
"13:02:48 120","10550","+7"
"13:02:48 122","10550","+7"
"13:02:59 621","10550","+8"
"13:03:18 108","10550","+50"
"13:03:18 108","10550","+50"
"13:03:18 108","10550","+1"
"13:03:18 108","10550","+50"
"13:03:18 109","10550","+50"
"13:03:18 109","10550","+1"
"13:03:18 225","10550","+15"
"13:04:19 624","10550","+19"
"13:04:19 625","10550","+3"
"13:04:19 625","10550","+33"
"13:04:47 007","10550","+50"
"13:05:05 110","10550","+6"
"13:05:05 111","10550","+6"
"13:05:05 113","10550","+13"
"13:05:05 125","10550","+6"
"13:05:05 127","10550","+6"
"13:05:14 518","10550","+19"
"13:05:14 520","10550","+19"
"13:05:14 520","10550","+24"
"13:05:14 521","10550","+37"
"13:05:14 521","10550","+19"
"13:05:24 211","10550","+83"
"13:05:31 109","10550","+151"
"13:05:46 612","10550","+8"
"13:06:00 911","10550","+38"
"13:06:06 716","10550","+34"
"13:06:27 659","10550","+22"
"13:06:31 620","10550","+19"
"13:06:31 620","10550","+4"
"13:06:31 709","10550","+32"
"13:06:33 617","10550","+2"
"13:06:55 013","10550","+15"
"13:06:55 023","10550","+50"
"13:06:55 023","10550","+50"
"13:06:55 023","10550","+1"
"13:07:04 304","10550","+1"
"13:07:21 109","10550","+7"
"13:07:21 109","10550","+7"
"13:07:21 111","10550","+7"
"13:07:21 113","10550","+13"
"13:07:21 114","10550","+7"
"13:08:00 617","10550","+50"
"13:08:32 605","10550","+8"
"13:08:42 618","10550","+20"
"13:08:42 618","10550","+3"
"13:08:42 619","10550","+32"
"13:09:10 809","10550","+629"
"13:09:30 417","10600","+355"
"13:09:30 811","10600","+3"
"13:09:38 100","10600","+6"
"13:09:38 101","10600","+6"
"13:09:38 103","10600","+14"
"13:09:38 106","10600","+6"
"13:09:38 107","10600","+6"
"13:09:44 914","10600","+19"
"13:09:44 915","10600","+19"
"13:09:45 015","10600","+19"
"13:09:45 015","10600","+38"
"13:09:45 017","10600","+24"
"13:10:17 509","10550","-230"
"13:10:31 805","10600","+15"
"13:10:32 025","10600","+50"
"13:10:32 025","10600","+50"
"13:10:32 025","10600","+1"
"13:10:54 612","10600","+19"
"13:10:54 612","10600","+3"
"13:10:54 612","10600","+32"
"13:11:18 605","10600","+8"
"13:11:54 098","10600","+7"
"13:11:54 099","10600","+13"
"13:11:54 099","10600","+7"
"13:11:54 099","10600","+7"
"13:11:54 100","10600","+7"
"13:12:27 805","10550","-50"
"13:13:06 611","10600","+19"
"13:13:06 708","10600","+3"
"13:13:06 709","10600","+33"
"13:14:04 609","10600","+8"
"13:14:08 517","10600","+15"
"13:14:09 093","10600","+50"
"13:14:09 093","10600","+50"
"13:14:09 094","10600","+1"
"13:14:11 112","10600","+6"
"13:14:11 113","10600","+6"
"13:14:11 120","10600","+6"
"13:14:11 120","10600","+6"
"13:14:11 121","10600","+13"
"13:14:15 409","10600","+18"
"13:14:15 410","10600","+18"
"13:14:15 411","10600","+37"
"13:14:15 412","10600","+23"
"13:14:15 413","10600","+18"
"13:14:42 400","10550","-1"
"13:14:56 607","10550","-20"
"13:15:18 629","10600","+20"
"13:15:18 630","10600","+4"
"13:15:18 630","10600","+32"
"13:15:45 892","10550","-40"
"13:16:27 112","10600","+7"
"13:16:27 112","10600","+7"
"13:16:27 113","10600","+14"
"13:16:27 113","10600","+7"
"13:16:27 114","10600","+7"
"13:16:51 605","10600","+8"
"13:17:29 692","10600","+19"
"13:17:29 692","10600","+3"
"13:17:29 693","10600","+32"
"13:17:45 105","10600","+50"
"13:17:45 105","10600","+50"
"13:17:45 106","10600","+1"
"13:17:45 303","10600","+15"
"13:18:44 099","10600","+6"
"13:18:44 103","10600","+6"
"13:18:44 110","10600","+13"
"13:18:44 110","10600","+6"
"13:18:44 111","10600","+6"
"13:18:45 913","10600","+19"
"13:18:45 914","10600","+38"
"13:18:45 917","10600","+19"
"13:18:45 919","10600","+19"
"13:18:45 921","10600","+24"
"13:19:33 801","10550","-72"
"13:19:37 597","10600","+8"
"13:19:41 610","10600","+19"
"13:19:41 611","10600","+3"
"13:19:41 611","10600","+32"
"13:21:00 128","10600","+13"
"13:21:00 128","10600","+7"
"13:21:00 134","10600","+7"
"13:21:00 138","10600","+7"
"13:21:00 141","10600","+7"
"13:21:22 020","10600","+50"
"13:21:22 020","10600","+50"
"13:21:22 093","10600","+1"
"13:21:22 093","10600","+15"
"13:21:33 103","10550","-150"
"13:21:50 192","10600","+51"
"13:21:53 611","10600","+20"
"13:21:53 611","10600","+3"
"13:21:53 612","10600","+33"
"13:22:23 590","10600","+9"
"13:22:44 723","10550","-1000"
"13:23:16 302","10600","+19"
"13:23:16 303","10600","+19"
"13:23:16 304","10600","+37"
"13:23:16 304","10600","+19"
"13:23:16 399","10600","+24"
"13:23:17 102","10600","+6"
"13:23:17 102","10600","+6"
"13:23:17 103","10600","+6"
"13:23:17 105","10600","+6"
"13:23:17 112","10600","+14"
"13:24:04 605","10600","+19"
"13:24:04 606","10600","+3"
"13:24:04 606","10600","+32"
"13:24:06 806","10550","-256"
"13:24:11 705","10550","-1"
"13:24:22 116","10550","-100"
"13:24:46 385","10550","-1"
"13:24:52 514","10550","-1"
"13:24:58 801","10600","+15"
"13:24:59 007","10600","+50"
"13:24:59 007","10600","+50"
"13:24:59 007","10600","+1"
"13:25:10 597","10600","+8"
"13:25:33 101","10600","+13"
"13:25:33 102","10600","+7"
"13:25:33 103","10600","+7"
"13:25:33 103","10600","+7"
"13:25:33 104","10600","+7"
"13:26:16 604","10600","+19"
"13:26:16 605","10600","+4"
"13:26:16 693","10600","+32"
"13:27:20 698","10550","-296"
"13:27:46 801","10600","+19"
"13:27:46 802","10600","+38"
"13:27:46 806","10600","+24"
"13:27:46 809","10600","+19"
"13:27:46 810","10600","+19"
"13:27:50 093","10600","+7"
"13:27:50 094","10600","+7"
"13:27:50 096","10600","+13"
"13:27:50 097","10600","+7"
"13:27:50 098","10600","+7"
"13:27:56 594","10600","+8"
"13:28:20 294","10600","+15"
"13:28:28 615","10600","+20"
"13:28:28 616","10600","+3"
"13:28:28 690","10600","+32"
"13:28:35 584","10600","+15"
"13:28:36 081","10600","+50"
"13:28:36 081","10600","+50"
"13:28:36 081","10600","+1"
"13:28:36 780","10550","-13"
"13:29:42 502","10550","-1"
"13:30:06 095","10600","+7"
"13:30:06 096","10600","+7"
"13:30:06 096","10600","+7"
"13:30:06 098","10600","+14"
"13:30:06 101","10600","+7"
"13:30:39 605","10600","+19"
"13:30:39 606","10600","+3"
"13:30:39 606","10600","+33"
"13:30:42 599","10600","+8"
"13:31:06 686","10550","-100"
"13:31:13 694","10550","-113"
"13:32:12 392","10600","+15"
"13:32:13 086","10600","+50"
"13:32:13 087","10600","+50"
"13:32:13 087","10600","+1"
"13:32:17 200","10600","+37"
"13:32:17 280","10600","+18"
"13:32:17 280","10600","+18"
"13:32:17 281","10600","+18"
"13:32:17 282","10600","+23"
"13:32:23 086","10600","+7"
"13:32:23 087","10600","+13"
"13:32:23 089","10600","+7"
"13:32:23 097","10600","+7"
"13:32:23 098","10600","+7"
"13:32:27 894","10550","-670"
"13:32:27 894","10500","-238"
"13:32:42 295","10500","-139"
"13:32:51 594","10550","+19"
"13:32:51 595","10550","+3"
"13:32:51 687","10550","+32"
"13:33:28 603","10550","+8"
"13:34:39 104","10550","+7"
"13:34:39 104","10550","+13"
"13:34:39 106","10550","+7"
"13:34:39 107","10550","+7"
"13:34:39 108","10550","+7"
"13:35:03 600","10550","+20"
"13:35:03 602","10550","+4"
"13:35:03 602","10550","+32"
"13:35:48 991","10550","+50"
"13:35:48 991","10550","+50"
"13:35:48 991","10550","+1"
"13:35:49 109","10550","+15"
"13:36:15 587","10550","+8"
"13:36:47 692","10550","+19"
"13:36:47 692","10550","+19"
"13:36:47 693","10550","+38"
"13:36:47 694","10550","+19"
"13:36:47 694","10550","+24"
"13:36:56 085","10550","+7"
"13:36:56 087","10550","+7"
"13:36:56 089","10550","+7"
"13:36:56 089","10550","+7"
"13:36:56 090","10550","+14"
"13:37:14 606","10550","+19"
"13:37:14 606","10550","+3"
"13:37:14 607","10550","+32"
"13:39:01 583","10550","+8"
"13:39:12 078","10550","+13"
"13:39:12 079","10550","+7"
"13:39:12 081","10550","+7"
"13:39:12 082","10550","+7"
"13:39:12 083","10550","+7"
"13:39:25 883","10550","+15"
"13:39:26 004","10550","+50"
"13:39:26 004","10550","+50"
"13:39:26 004","10550","+1"
"13:39:26 620","10550","+20"
"13:39:26 679","10550","+3"
"13:39:26 680","10550","+33"
"13:41:18 182","10550","+19"
"13:41:18 183","10550","+24"
"13:41:18 183","10550","+19"
"13:41:18 184","10550","+37"
"13:41:18 185","10550","+19"
"13:41:28 081","10550","+7"
"13:41:28 081","10550","+7"
"13:41:28 083","10550","+13"
"13:41:28 084","10550","+7"
"13:41:28 085","10550","+7"
"13:41:38 607","10550","+19"
"13:41:38 609","10550","+3"
"13:41:38 610","10550","+32"
"13:41:46 080","10550","+15"
"13:41:47 240","10550","-35"
"13:41:47 577","10550","+8"
"13:42:37 388","10550","+100"
"13:43:02 681","10550","+15"
"13:43:02 993","10550","+48"
"13:43:13 778","10550","-53"
"13:43:45 076","10550","+7"
"13:43:45 077","10550","+3"
"13:43:48 571","10550","-32"
"13:43:49 589","10550","+19"
"13:43:49 590","10550","+3"
"13:43:49 695","10550","+32"
"13:44:33 573","10550","+9"
"13:45:48 583","10550","+19"
"13:45:48 584","10550","+19"
"13:45:48 585","10550","+24"
"13:45:48 664","10550","+38"
"13:45:48 665","10550","+17"
"13:45:57 676","10550","-1"
"13:45:57 780","10550","-51"
"13:46:01 083","10600","+7"
"13:46:01 085","10600","+7"
"13:46:01 089","10600","+7"
"13:46:01 090","10600","+7"
"13:46:01 090","10600","+13"
"13:46:01 587","10600","+20"
"13:46:01 587","10600","+4"
"13:46:01 665","10600","+32"
"13:46:39 376","10600","+15"
"13:46:39 982","10600","+50"
"13:46:39 982","10600","+50"
"13:46:39 982","10600","+1"
"13:46:56 186","10600","+9"
"13:48:13 574","10600","+19"
"13:48:13 575","10600","+3"
"13:48:13 676","10600","+33"
"13:48:18 073","10600","+13"
"13:48:18 074","10600","+7"
"13:48:18 074","10600","+7"
"13:48:18 074","10600","+7"
"13:48:18 075","10600","+7"
"13:49:49 338","10600","+50"
"13:50:06 629","10600","+8"
"13:50:16 226","10600","+15"
"13:50:17 114","10600","+50"
"13:50:17 116","10600","+50"
"13:50:17 117","10600","+1"
"13:50:19 135","10600","+23"
"13:50:19 136","10600","+18"
"13:50:19 137","10600","+18"
"13:50:19 138","10600","+18"
"13:50:19 138","10600","+37"
"13:50:24 638","10600","+19"
"13:50:24 639","10600","+3"
"13:50:24 640","10600","+32"
"13:50:27 732","10550","-185"
"13:50:28 526","10550","+41"
"13:50:34 123","10550","+7"
"13:50:34 123","10550","+7"
"13:50:34 124","10550","+7"
"13:50:34 138","10550","+3"
"13:50:37 837","10550","-5"
"13:51:33 127","10600","+40"
"13:52:36 630","10600","+20"
"13:52:36 725","10600","+3"
"13:52:36 726","10600","+32"
"13:52:39 161","10600","+40"
"13:52:51 144","10600","+13"
"13:52:51 147","10600","+7"
"13:52:51 154","10600","+7"
"13:52:51 154","10600","+7"
"13:52:51 155","10600","+7"
"13:52:52 632","10600","+8"
"13:53:45 132","10600","+40"
"13:53:53 011","10600","+15"
"13:53:53 120","10600","+50"
"13:53:53 120","10600","+50"
"13:53:53 121","10600","+1"
"13:54:48 644","10600","+19"
"13:54:48 645","10600","+4"
"13:54:48 645","10600","+32"
"13:54:49 614","10600","+19"
"13:54:49 615","10600","+38"
"13:54:49 615","10600","+19"
"13:54:49 616","10600","+24"
"13:54:49 616","10600","+19"
"13:54:51 130","10600","+40"
"13:55:07 128","10600","+7"
"13:55:07 129","10600","+7"
"13:55:07 131","10600","+13"
"13:55:07 134","10600","+7"
"13:55:07 135","10600","+7"
"13:55:38 625","10600","+8"
"13:55:50 525","10550","-50"
"13:55:56 144","10600","+40"
"13:56:49 623","10500","-100"
"13:56:59 632","10600","+19"
"13:56:59 633","10600","+3"
"13:56:59 634","10600","+33"
"13:57:02 127","10600","+40"
"13:57:24 114","10600","+7"
"13:57:24 116","10600","+7"
"13:57:24 118","10600","+14"
"13:57:24 119","10600","+7"
"13:57:24 119","10600","+7"
"13:57:29 760","10600","+15"
"13:57:30 041","10600","+50"
"13:57:30 041","10600","+50"
"13:57:30 041","10600","+1"
"13:58:07 311","10500","-250"
"13:58:08 121","10550","+40"
"13:58:25 621","10550","+8"
"13:58:34 322","10500","-260"
"13:58:34 327","10500","-809"
"13:59:11 619","10550","+20"
"13:59:11 722","10550","+3"
"13:59:11 723","10550","+32"
"13:59:13 132","10550","+40"
"13:59:20 021","10550","+19"
"13:59:20 022","10550","+24"
"13:59:20 023","10550","+19"
"13:59:20 025","10550","+19"
"13:59:20 025","10550","+37"
"13:59:27 927","10500","-10"
"13:59:28 120","10500","+90"
"13:59:40 111","10550","+7"
"13:59:40 112","10550","+7"
"13:59:40 113","10550","+13"
"13:59:40 133","10550","+7"
"13:59:40 133","10550","+7"
"14:00:19 127","10550","+40"
"14:01:06 512","10550","+15"
"14:01:07 035","10550","+50"
"14:01:07 035","10550","+50"
"14:01:07 035","10550","+1"
"14:01:23 625","10550","+19"
"14:01:23 626","10550","+3"
"14:01:23 713","10550","+32"
"14:01:25 127","10550","+40"
"14:01:57 118","10550","+13"
"14:01:57 119","10550","+7"
"14:01:57 119","10550","+7"
"14:01:57 120","10550","+7"
"14:01:57 121","10550","+7"
"14:02:31 118","10550","+40"
"14:03:35 630","10550","+19"
"14:03:35 631","10550","+3"
"14:03:35 632","10550","+32"
"14:03:36 126","10550","+40"
"14:03:50 523","10550","+19"
"14:03:50 524","10550","+38"
"14:03:50 524","10550","+19"
"14:03:50 524","10550","+19"
"14:03:50 525","10550","+24"
"14:03:57 638","10550","+8"
"14:04:13 108","10550","+7"
"14:04:13 109","10550","+7"
"14:04:13 109","10550","+7"
"14:04:13 119","10550","+7"
"14:04:13 120","10550","+14"
"14:04:30 315","10500","-204"
"14:04:30 315","10450","-1583"
"14:04:42 114","10550","+40"
"14:04:43 300","10550","+15"
"14:04:44 114","10550","+50"
"14:04:44 114","10550","+50"
"14:04:44 115","10550","+1"
"14:05:46 620","10500","+5"
"14:05:48 137","10550","+40"
"14:06:30 114","10550","+7"
"14:06:30 114","10550","+7"
"14:06:30 114","10550","+7"
"14:06:30 115","10550","+13"
"14:06:30 115","10550","+7"
"14:06:43 620","10550","+9"
"14:06:54 115","10550","+40"
"14:07:58 617","10550","+19"
"14:07:58 701","10550","+3"
"14:07:58 705","10550","+32"
"14:07:59 130","10550","+40"
"14:08:20 002","10550","+15"
"14:08:20 935","10550","+18"
"14:08:21 006","10550","+23"
"14:08:21 007","10550","+18"
"14:08:21 007","10550","+37"
"14:08:21 008","10550","+18"
"14:08:21 019","10550","+50"
"14:08:21 019","10550","+1"
"14:08:21 019","10550","+50"
"14:08:46 104","10550","+7"
"14:08:46 106","10550","+7"
"14:08:46 107","10550","+13"
"14:08:46 108","10550","+7"
"14:08:46 112","10550","+7"
"14:09:05 103","10550","+40"
"14:09:30 625","10550","+8"
"14:10:10 616","10550","+19"
"14:10:10 617","10550","+15"
"14:10:10 705","10550","+3"
"14:10:10 706","10550","+4"
"14:10:10 706","10550","+32"
"14:10:10 707","10550","+33"
"14:10:11 113","10550","+40"
"14:11:03 113","10550","+14"
"14:11:03 114","10550","+7"
"14:11:03 114","10550","+7"
"14:11:03 114","10550","+7"
"14:11:03 115","10550","+7"
"14:11:16 123","10550","+40"
"14:11:56 800","10550","+15"
"14:11:57 110","10550","+50"
"14:11:57 110","10550","+50"
"14:11:57 110","10550","+1"
"14:12:16 613","10550","+8"
"14:12:21 615","10550","+20"
"14:12:21 616","10550","+3"
"14:12:21 616","10550","+32"
"14:12:22 202","10550","+40"
"14:12:51 414","10550","+19"
"14:12:51 415","10550","+38"
"14:12:51 416","10550","+19"
"14:12:51 416","10550","+19"
"14:12:51 416","10550","+24"
"14:13:19 099","10550","+7"
"14:13:19 110","10550","+7"
"14:13:19 111","10550","+13"
"14:13:19 111","10550","+7"
"14:13:19 113","10550","+7"
"14:13:28 102","10550","+40"
"14:14:33 616","10550","+19"
"14:14:33 617","10550","+4"
"14:14:33 617","10550","+33"
"14:14:34 215","10550","+40"
"14:14:48 497","10500","-10"
"14:14:54 020","10500","-20"
"14:14:59 114","10500","-30"
"14:15:02 608","10550","+8"
"14:15:06 802","10500","-52"
"14:15:07 208","10500","+1"
"14:15:33 517","10500","+15"
"14:15:34 109","10500","+50"
"14:15:34 109","10500","+47"
"14:15:36 108","10550","+7"
"14:15:36 109","10550","+7"
"14:15:36 112","10550","+13"
"14:15:36 115","10550","+7"
"14:15:36 119","10550","+7"
"14:15:39 113","10550","+40"
"14:16:45 114","10550","+40"
"14:16:45 614","10550","+20"
"14:16:45 694","10550","+3"
"14:16:45 695","10550","+32"
"14:17:21 903","10550","+37"
"14:17:21 903","10550","+19"
"14:17:21 904","10550","+19"
"14:17:21 905","10550","+19"
"14:17:21 906","10550","+24"
"14:17:48 594","10550","+8"
"14:17:51 116","10550","+40"
"14:17:52 099","10550","+7"
"14:17:52 101","10550","+14"
"14:17:52 102","10550","+7"
"14:17:52 110","10550","+7"
"14:17:52 111","10550","+7"
"14:18:56 112","10550","+40"
"14:18:56 622","10550","+19"
"14:18:56 695","10550","+3"
"14:18:56 695","10550","+32"
"14:19:10 300","10550","+15"
"14:19:11 014","10550","+50"
"14:19:11 014","10550","+50"
"14:19:11 014","10550","+1"
"14:20:02 119","10550","+40"
"14:20:09 096","10550","+7"
"14:20:09 098","10550","+7"
"14:20:09 098","10550","+7"
"14:20:09 100","10550","+13"
"14:20:09 100","10550","+7"
"14:20:35 609","10550","+8"
"14:21:08 111","10550","+40"
"14:21:08 608","10550","+19"
"14:21:08 608","10550","+3"
"14:21:08 609","10550","+33"
"14:21:52 306","10550","+24"
"14:21:52 307","10550","+38"
"14:21:52 307","10550","+19"
"14:21:52 307","10550","+19"
"14:21:52 309","10550","+19"
"14:22:14 104","10550","+40"
"14:22:25 089","10550","+7"
"14:22:25 089","10550","+7"
"14:22:25 093","10550","+7"
"14:22:25 094","10550","+7"
"14:22:25 095","10550","+13"
"14:22:47 095","10550","+15"
"14:22:48 025","10550","+50"
"14:22:48 025","10550","+50"
"14:22:48 025","10550","+1"
"14:23:01 388","10550","+1"
"14:23:19 096","10550","+40"
"14:23:20 612","10550","+20"
"14:23:20 614","10550","+3"
"14:23:20 692","10550","+32"
"14:23:21 602","10550","+8"
"14:23:48 002","10500","-50"
"14:23:59 600","10450","-40"
"14:24:09 609","10450","-605"
"14:24:25 099","10500","+40"
"14:24:42 093","10500","+7"
"14:24:42 094","10500","+14"
"14:24:42 097","10500","+7"
"14:24:42 099","10500","+7"
"14:24:42 099","10500","+7"
"14:25:02 894","10450","-1125"
"14:25:21 495","10450","+242"
"14:25:22 505","10450","+17"
"14:25:31 094","10500","+40"
"14:25:31 619","10500","+19"
"14:25:31 620","10500","+4"
"14:25:31 621","10500","+32"
"14:26:07 603","10550","+8"
"14:26:09 010","10500","-1"
"14:26:18 311","10500","+5"
"14:26:22 795","10500","+23"
"14:26:22 796","10500","+18"
"14:26:22 796","10500","+18"
"14:26:22 797","10500","+37"
"14:26:22 798","10500","+18"
"14:26:23 190","10500","+80"
"14:26:23 892","10550","+15"
"14:26:24 289","10500","-2"
"14:26:37 099","10550","+40"
"14:26:58 089","10550","+7"
"14:26:58 090","10550","+7"
"14:26:58 099","10550","+7"
"14:26:58 100","10550","+7"
"14:26:58 101","10550","+13"
"14:27:15 102","10500","-119"
"14:27:42 101","10500","+40"
"14:27:43 897","10500","+19"
"14:27:43 899","10500","+3"
"14:27:43 899","10500","+32"
"14:27:55 503","10450","-2"
"14:28:12 586","10450","-875"
"14:28:48 085","10500","+33"
"14:28:54 596","10550","+9"
"14:29:14 086","10550","+7"
"14:29:14 087","10550","+13"
"14:29:14 088","10550","+7"
"14:29:14 093","10550","+7"
"14:29:14 093","10550","+7"
"14:29:54 193","10550","+40"
"14:29:55 616","10550","+20"
"14:29:55 617","10550","+3"
"14:29:55 617","10550","+33"
"14:30:00 599","10550","+15"
"14:30:01 089","10550","+50"
"14:30:01 089","10550","+50"
"14:30:01 090","10550","+1"
"14:30:28 098","10500","-7"
"14:30:53 282","10500","+38"
"14:30:53 283","10500","+19"
"14:30:53 283","10500","+24"
"14:30:53 284","10500","+19"
"14:30:53 284","10500","+19"
"14:30:59 088","10500","+40"
"14:31:31 086","10500","+7"
"14:31:31 088","10500","+7"
"14:31:31 088","10500","+7"
"14:31:31 089","10500","+7"
"14:31:31 089","10500","+14"
"14:31:40 610","10500","+8"
"14:31:53 290","10500","+13"
"14:32:05 106","10500","+40"
"14:32:08 383","10500","+19"
"14:32:08 384","10500","+3"
"14:32:08 384","10500","+32"
"14:33:11 104","10500","+40"
"14:33:16 679","10500","+22"
"14:33:37 385","10550","+15"
"14:33:38 021","10550","+50"
"14:33:38 076","10550","+50"
"14:33:38 076","10550","+1"
"14:33:47 085","10550","+7"
"14:33:47 087","10550","+13"
"14:33:47 088","10550","+7"
"14:33:47 089","10550","+7"
"14:33:47 089","10550","+7"
"14:34:17 188","10550","+41"
"14:34:18 620","10550","+19"
"14:34:18 698","10550","+4"
"14:34:18 701","10550","+32"
"14:34:26 588","10550","+8"
"14:35:22 092","10550","+40"
"14:35:23 695","10550","+19"
"14:35:23 696","10550","+37"
"14:35:23 697","10550","+19"
"14:35:23 698","10550","+24"
"14:35:23 698","10550","+19"
"14:36:04 087","10550","+7"
"14:36:04 087","10550","+7"
"14:36:04 088","10550","+7"
"14:36:04 089","10550","+7"
"14:36:04 094","10550","+13"
"14:36:14 486","10550","+189"
"14:36:28 184","10550","+40"
"14:36:30 597","10550","+20"
"14:36:30 598","10550","+3"
"14:36:30 598","10550","+32"
"14:37:12 590","10550","+8"
"14:37:14 100","10550","+15"
"14:37:15 007","10550","+50"
"14:37:15 007","10550","+50"
"14:37:15 079","10550","+1"
"14:37:34 081","10550","+40"
"14:38:20 080","10550","+7"
"14:38:20 082","10550","+7"
"14:38:20 084","10550","+14"
"14:38:20 084","10550","+7"
"14:38:20 085","10550","+7"
"14:38:39 099","10550","+40"
"14:38:41 591","10550","+19"
"14:38:41 591","10550","+3"
"14:38:41 592","10550","+33"
"14:39:45 103","10550","+40"
"14:39:54 196","10550","+24"
"14:39:54 197","10550","+19"
"14:39:54 200","10550","+38"
"14:39:54 201","10550","+19"
"14:39:54 204","10550","+19"
"14:39:59 582","10550","+8"
"14:40:36 186","10500","-50"
"14:40:37 089","10550","+7"
"14:40:37 091","10550","+13"
"14:40:37 092","10550","+7"
"14:40:37 100","10550","+7"
"14:40:37 100","10550","+7"
"14:40:50 890","10550","+15"
"14:40:51 094","10550","+40"
"14:40:51 993","10550","+50"
"14:40:51 994","10550","+50"
"14:40:52 078","10550","+1"
"14:40:53 607","10550","+19"
"14:40:53 609","10550","+3"
"14:40:53 684","10550","+32"
"14:41:57 079","10550","+40"
"14:42:17 383","10550","+11"
"14:42:45 577","10550","+8"
"14:42:53 078","10550","+7"
"14:42:53 079","10550","+7"
"14:42:53 083","10550","+7"
"14:42:53 084","10550","+13"
"14:42:53 085","10550","+7"
"14:43:02 179","10550","+40"
"14:43:05 590","10550","+20"
"14:43:05 590","10550","+3"
"14:43:05 591","10550","+32"
"14:43:13 190","10550","+1"
"14:43:19 208","10550","+25"
"14:44:08 086","10550","+40"
"14:44:24 607","10550","+37"
"14:44:24 671","10550","+23"
"14:44:24 673","10550","+18"
"14:44:24 676","10550","+18"
"14:44:24 676","10550","+18"
"14:44:27 683","10550","+15"
"14:44:29 076","10550","+50"
"14:44:29 077","10550","+50"
"14:44:29 077","10550","+1"
"14:45:10 074","10550","+7"
"14:45:10 077","10550","+7"
"14:45:10 078","10550","+7"
"14:45:10 079","10550","+7"
"14:45:10 079","10550","+14"
"14:45:14 097","10550","+40"
"14:45:16 587","10550","+19"
"14:45:16 587","10550","+4"
"14:45:16 588","10550","+32"
"14:45:31 582","10550","+8"
"14:46:20 080","10550","+40"
"14:46:24 489","10550","+10"
"14:46:29 584","10550","+20"
"14:47:25 116","10550","+40"
"14:47:26 075","10550","+13"
"14:47:26 078","10550","+7"
"14:47:26 081","10550","+7"
"14:47:26 083","10550","+7"
"14:47:26 088","10550","+7"
"14:47:28 590","10550","+19"
"14:47:28 591","10550","+3"
"14:47:28 591","10550","+33"
"14:47:46 890","10550","+29"
"14:48:04 464","10550","+15"
"14:48:05 985","10550","+50"
"14:48:05 986","10550","+50"
"14:48:05 986","10550","+1"
"14:48:17 582","10550","+8"
"14:48:31 080","10550","+40"
"14:48:53 575","10550","+49"
"14:48:55 070","10550","+38"
"14:48:55 071","10550","+24"
"14:48:55 072","10550","+19"
"14:48:55 072","10550","+19"
"14:48:55 074","10550","+19"
"14:49:33 143","10550","+2"
"14:49:37 152","10550","+40"
"14:49:37 431","10500","-100"
"14:49:40 675","10550","+20"
"14:49:40 676","10550","+3"
"14:49:40 676","10550","+32"
"14:49:43 144","10550","+7"
"14:49:43 145","10550","+7"
"14:49:43 148","10550","+7"
"14:49:43 152","10550","+7"
"14:49:43 154","10550","+13"
"14:50:42 147","10550","+40"
"14:51:04 646","10550","+9"
"14:51:41 248","10550","+15"
"14:51:42 052","10550","+50"
"14:51:42 053","10550","+1"
"14:51:42 053","10550","+50"
"14:51:48 157","10550","+40"
"14:51:52 651","10550","+19"
"14:51:52 732","10550","+3"
"14:51:52 734","10550","+32"
"14:51:59 140","10550","+7"
"14:51:59 145","10550","+14"
"14:51:59 149","10550","+7"
"14:51:59 150","10550","+7"
"14:51:59 151","10550","+7"
"14:52:54 138","10550","+40"
"14:53:23 844","10550","+43"
"14:53:25 655","10550","+19"
"14:53:25 656","10550","+37"
"14:53:25 657","10550","+19"
"14:53:25 658","10550","+24"
"14:53:25 660","10550","+19"
"14:53:50 646","10550","+8"
"14:53:58 245","10550","+1"
"14:54:00 149","10550","+40"
"14:54:03 639","10550","+20"
"14:54:03 639","10550","+4"
"14:54:03 640","10550","+32"
"14:54:13 550","10550","+1"
"14:54:16 138","10550","+7"
"14:54:16 140","10550","+7"
"14:54:16 141","10550","+7"
"14:54:16 151","10550","+13"
"14:54:16 151","10550","+7"
"14:54:24 727","10500","-36"
"14:54:28 230","10550","+1"
"14:54:44 445","10550","+1"
"14:55:03 832","10550","+1"
"14:55:05 155","10550","+40"
"14:55:18 040","10550","+15"
"14:55:19 048","10550","+50"
"14:55:19 048","10550","+50"
"14:55:19 049","10550","+1"
"14:55:30 343","10550","+45"
"14:56:06 948","10550","+1"
"14:56:08 845","10550","+16"
"14:56:09 926","10500","-100"
"14:56:11 151","10550","+40"
"14:56:12 250","10550","+1"
"14:56:15 656","10550","+19"
"14:56:15 731","10550","+3"
"14:56:15 731","10550","+33"
"14:56:28 843","10500","-18"
"14:56:31 141","10550","+1"
"14:56:32 140","10550","+7"
"14:56:32 145","10550","+7"
"14:56:32 146","10550","+13"
"14:56:32 147","10550","+7"
"14:56:32 148","10550","+7"
"14:56:36 648","10550","+8"
"14:56:53 953","10550","+63"
"14:56:59 522","10550","+100"
"14:57:02 046","10500","-9"
"14:57:03 539","10550","+1"
"14:57:07 028","10550","+100"
"14:57:17 141","10550","+40"
"14:57:43 544","10550","+1"
"14:57:56 046","10550","+24"
"14:57:56 047","10550","+19"
"14:57:56 048","10550","+5"
"14:57:57 440","10600","+1"
"14:57:57 763","10550","-71"
"14:58:01 366","10600","+1"
"14:58:22 144","10600","+40"
"14:58:27 648","10600","+19"
"14:58:27 648","10600","+3"
"14:58:27 724","10600","+32"
"14:58:49 136","10600","+7"
"14:58:49 138","10600","+7"
"14:58:49 138","10600","+7"
"14:58:49 139","10600","+7"
"14:58:49 139","10600","+14"
"14:58:54 745","10600","+15"
"14:58:56 134","10600","+50"
"14:58:56 134","10600","+50"
"14:58:56 134","10600","+1"
"14:58:57 344","10550","-500"
"14:59:01 336","10550","-1"
"14:59:01 347","10550","-246"
"14:59:05 034","10600","+1"
"14:59:28 130","10600","+40"
"14:59:48 338","10600","+1"
"15:00:08 436","10550","-28"
"15:00:16 155","10550","+1"
"15:00:34 222","10550","+40"
"15:00:38 640","10550","+20"
"15:00:38 641","10550","+3"
"15:00:38 641","10550","+32"
"15:00:41 229","10550","+76"
"15:00:42 247","10600","+1"
"15:01:05 128","10600","+13"
"15:01:05 130","10600","+7"
"15:01:05 131","10600","+7"
"15:01:05 137","10600","+7"
"15:01:05 137","10600","+7"
"15:01:40 165","10600","+40"
"15:01:54 024","10550","-24"
"15:02:00 532","10550","+30"
"15:02:01 822","10600","+1"
"15:02:01 842","10550","-70"
"15:02:07 033","10600","+1"
"15:02:24 244","10600","+41"
"15:02:26 524","10600","+18"
"15:02:26 525","10600","+37"
"15:02:26 525","10600","+18"
"15:02:26 526","10600","+23"
"15:02:26 526","10600","+18"
"15:02:27 831","10550","-8"
"15:02:31 540","10550","+15"
"15:02:33 039","10550","+50"
"15:02:33 039","10550","+50"
"15:02:33 118","10550","+1"
"15:02:45 134","10550","+40"
"15:02:50 640","10550","+19"
"15:02:50 648","10550","+3"
"15:02:50 648","10550","+32"
"15:02:57 823","10500","-1"
"15:03:20 437","10550","+1"
"15:03:22 120","10550","+7"
"15:03:22 121","10550","+7"
"15:03:22 121","10550","+13"
"15:03:22 130","10550","+7"
"15:03:22 131","10550","+7"
"15:03:51 130","10550","+40"
"15:04:16 748","10550","+1"
"15:04:44 445","10500","-10"
"15:04:55 650","10550","+8"
"15:04:55 721","10500","-324"
"15:04:55 722","10500","-1949"
"15:04:57 219","10550","+40"
"15:05:02 653","10550","+19"
"15:05:02 654","10550","+4"
"15:05:02 720","10550","+33"
"15:05:27 464","10500","-10"
"15:05:38 132","10500","+7"
"15:05:38 133","10500","+14"
"15:05:38 134","10500","+7"
"15:05:38 134","10500","+7"
"15:05:38 135","10500","+7"
"15:05:40 834","10450","-7"
"15:06:03 136","10500","+40"
"15:06:08 330","10500","+15"
"15:06:10 128","10500","+50"
"15:06:10 130","10500","+1"
"15:06:10 131","10500","+50"
"15:06:57 021","10500","+19"
"15:06:57 024","10500","+19"
"15:06:57 027","10500","+24"
"15:06:57 031","10500","+38"
"15:06:57 034","10500","+19"
"15:07:06 547","10500","+1"
"15:07:08 127","10500","+40"
"15:07:13 632","10500","+20"
"15:07:13 633","10500","+3"
"15:07:13 714","10500","+32"
"15:07:25 831","10450","-1"
"15:07:41 629","10500","+8"
"15:07:55 120","10500","+7"
"15:07:55 121","10500","+7"
"15:07:55 123","10500","+7"
"15:07:55 123","10500","+7"
"15:07:55 127","10500","+13"
"15:08:00 320","10450","-10"
"15:08:14 127","10500","+40"
"15:08:57 729","10500","+100"
"15:09:20 151","10500","+40"
"15:09:25 636","10500","+19"
"15:09:25 637","10500","+3"
"15:09:25 637","10500","+32"
"15:09:45 029","10500","+15"
"15:09:46 057","10500","+50"
"15:09:46 057","10500","+50"
"15:09:46 057","10500","+1"
"15:09:58 127","10450","-15"
"15:10:11 123","10500","+7"
"15:10:11 124","10500","+7"
"15:10:11 127","10500","+13"
"15:10:11 128","10500","+7"
"15:10:11 129","10500","+7"
"15:10:25 129","10500","+40"
"15:10:27 619","10500","+8"
"15:10:30 419","10500","+10"
"15:11:27 434","10500","+19"
"15:11:27 435","10500","+37"
"15:11:27 435","10500","+19"
"15:11:27 436","10500","+19"
"15:11:27 437","10500","+24"
"15:11:31 127","10500","+40"
"15:11:36 840","10500","+30"
"15:11:37 642","10500","+19"
"15:11:37 720","10500","+3"
"15:11:37 725","10500","+32"
"15:11:42 925","10500","+17"
"15:11:51 822","10500","+311"
"15:11:54 657","10500","+59"
"15:12:01 853","10450","-12"
"15:12:06 333","10450","-4"
"15:12:08 179","10500","+1"
"15:12:11 828","10500","+563"
"15:12:28 118","10500","+7"
"15:12:28 131","10500","+7"
"15:12:28 131","10500","+7"
"15:12:28 131","10500","+14"
"15:12:28 132","10500","+7"
"15:12:37 121","10500","+40"
"15:12:47 509","10450","-21"
"15:12:50 967","10500","+1"
"15:13:14 633","10500","+8"
"15:13:21 824","10500","+15"
"15:13:23 026","10500","+50"
"15:13:23 026","10500","+50"
"15:13:23 027","10500","+1"
"15:13:43 214","10500","+40"
"15:13:48 635","10500","+19"
"15:13:48 636","10500","+3"
"15:13:48 637","10500","+32"
"15:13:54 732","10500","+46"
"15:14:03 434","10500","+6"
"15:14:05 463","10450","-220"
"15:14:20 334","10500","+1"
"15:14:26 330","10500","+114"
"15:14:44 120","10500","+7"
"15:14:44 120","10500","+7"
"15:14:44 122","10500","+13"
"15:14:44 124","10500","+7"
"15:14:44 126","10500","+7"
"15:14:48 124","10500","+40"
"15:15:00 039","10500","+1"
"15:15:11 122","10500","+967"
"15:15:18 037","10500","+265"
"15:15:20 618","10500","+120"
"15:15:54 124","10500","+40"
"15:15:57 909","10500","+38"
"15:15:57 910","10500","+19"
"15:15:57 911","10500","+24"
"15:15:57 911","10500","+19"
"15:15:57 912","10500","+19"
"15:16:00 628","10500","+9"
"15:16:00 639","10500","+20"
"15:16:00 642","10500","+4"
"15:16:00 643","10500","+33"
"15:16:02 644","10500","+1"
"15:16:08 235","10500","+1"
"15:16:15 223","10500","+3"
"15:16:17 728","10500","+351"
"15:16:24 821","10500","+41"
"15:16:25 330","10500","+79"
"15:16:35 418","10500","+100"
"15:16:38 825","10500","+100"
"15:16:38 911","10500","+18"
"15:16:39 023","10450","-6"
"15:16:41 325","10500","+1"
"15:16:46 628","10500","+5"
"15:16:55 427","10450","-5"
"15:16:57 918","10500","+1"
"15:16:58 627","10500","+15"
"15:17:00 136","10500","+50"
"15:17:00 136","10500","+50"
"15:17:00 215","10500","+1"
"15:17:00 521","10500","+7"
"15:17:00 525","10500","+7"
"15:17:00 532","10500","+7"
"15:17:00 538","10500","+40"
"15:17:00 731","10500","+13"
"15:17:00 748","10500","+7"
"15:17:05 818","10450","-12"
"15:17:08 328","10500","+1"
"15:17:54 907","10500","+55"
"15:18:03 017","10450","-9"
"15:18:07 915","10500","+1"
"15:19:10 209","10450","-3"
"15:19:10 216","10450","-5"
"15:19:14 346","10500","+1"
"15:19:23 957","10500","+64"
"15:19:36 112","10500","+20"
"15:19:59 830","10500","+20"
"15:30:28 896","10500","2363"
"15:40:00 292","10500","21"
"15:40:28 289","10500","+100"
"15:43:47 094","10500","+10"
"15:43:52 690","10500","+10"
"15:45:14 489","10500","+15"
"15:45:40 381","10500","+20"
"15:45:54 281","10500","+30"
"15:53:34 718","10500","-40"
"15:56:55 618","10500","+4"
"15:59:29 703","10500","+19"