주문번호,종목이름,임시,거래량,거래대금,종가,기준가
060310,3S,407,119705,406,3385,3375
095570,AJ네트웍스,783,93005,399,4280,4235
068400,AJ렌터카,3486,229173,2481,10900,11000
006840,AK홀딩스,795,18527,627,33750,34400
054620,APS홀딩스,2914,143837,1520,10500,10450
265520,AP시스템,4155,179728,5102,28450,28400
211270,AP위성,124,3525,23,6590,6670
027410,BGF,2468,82693,513,6220,6210
282330,BGF리테일,1663,12635,2453,194500,191500
138930,BNK금융지주,4739,807043,5801,7180,7120
001460,BYC,52,256,61,239500,240500
001465,BYC우,32,598,76,126500,129000
001040,CJ,1912,50570,4235,83300,84000
00104K,CJ4우(전환),608,6494,395,60900,61300
000120,CJ대한통운,8103,113786,16930,149000,144500
011150,CJ씨푸드,1425,423388,1296,3070,3085
011155,CJ씨푸드1우,125,2166,71,33250,33300
001045,CJ우,245,2922,123,42000,41950
097950,CJ제일제당,3630,34142,7683,223500,223000
051500,CJ프레시웨이,2011,20151,513,25400,25700
037560,CJ헬로,4969,986969,6118,6080,6450
058820,CMG제약,6798,2481488,7516,3010,3075
023460,CNH,242,72963,107,1465,1475
065770,CS,461,77835,271,3455,3450
000590,CS홀딩스,26,203,12,57700,57400
012030,DB,351,294283,229,777,771
322780,DB금융스팩7호,26,4500,9,2080,2080
016610,DB금융투자,322,30114,132,4370,4410
005830,DB손해보험,4734,113602,6115,53700,53700
000990,DB하이텍,7009,467184,7885,16800,17350
000995,DB하이텍1우,46,565,23,41000,41400
139130,DGB금융지주,4286,501381,3619,7230,7190
001530,DI동일,304,2760,207,75700,75100
068790,DMS,777,165117,869,5310,5200
004840,DRB동일,67,2249,13,5620,5600
241520,DSC인베스트먼트,205,47892,142,3000,2935
155660,DSR,260,14231,60,4135,4165
069730,DSR제강,195,17437,77,4430,4450
017940,E1,240,2918,145,49700,49600
245620,EDGC,621,88011,502,5660,5830
037370,EG,128,11626,107,9260,9260
007700,F&F,6927,78309,7012,90700,90400
130500,GH신소재,302,64788,191,2910,2905
114090,GKL,3661,200560,4434,21800,21850
900290,GRT,540,137957,280,2025,2070
078930,GS,3142,73019,3717,50600,51000
083450,GST,398,36688,263,7270,7200
006360,GS건설,4591,205348,6525,31700,31900
001250,GS글로벌,1498,129594,309,2390,2395
007070,GS리테일,3734,116348,4690,40300,40200
078935,GS우,200,2596,97,37400,37100
028150,GS홈쇼핑,1375,8129,1223,150700,149000
045890,GV,2186,1049433,2532,2400,2520
078150,HB테크놀러지,7123,2111905,5936,2790,2890
012630,HDC,2767,119791,1477,12300,12300
039570,HDC아이콘트롤스,205,2157,21,9600,9620
089470,HDC현대EP,854,97857,431,4410,4470
294870,HDC현대산업개발,2764,100173,3248,32400,32600
036640,HRS,234,32396,81,2500,2490
082740,HSD엔진,1522,296984,1058,3575,3390
299170,IBKS제10호스팩,5,222,0,2125,2120
254120,IBKS제5호스팩,105,24815,50,2015,2035
264850,IBKS제6호스팩,24,3442,7,2030,2035
276920,IBKS제7호스팩,2,501,1,2130,2130
003560,IHQ,1416,388958,718,1855,1855
095340,ISC,495,69449,694,9990,10000
099520,ITX엠투엠,2605,338699,497,1475,1400
175330,JB금융지주,3761,252315,1381,5470,5480
950170,JTC,1487,99697,841,8400,8520
234080,JW생명과학,1651,59161,1263,21400,21650
067290,JW신약,945,132384,596,4480,4575
001060,JW중외제약,1632,38156,1082,28100,28550
001067,JW중외제약2우B,24,101,4,39600,39950
001065,JW중외제약우,16,85,2,26750,26800
096760,JW홀딩스,1365,79955,488,6040,6060
024840,KBI메탈,158,70581,110,1580,1560
105560,KB금융,9573,628270,26914,42900,42700
024120,KB오토시스,30,529,3,5750,5700
002380,KCC,2340,15245,3403,222500,222000
021320,KCC건설,103,4599,30,6570,6550
036670,KCI,220,10117,97,9600,9660
009070,KCTC,532,64885,193,3030,2995
009440,KC그린홀딩스,564,55936,257,4575,4575
119650,KC코트렐,1369,287050,2093,7200,7280
092220,KEC,3486,1070828,1152,1080,1065
046440,KG모빌리언스,319,23912,146,6080,6150
035600,KG이니시스,4982,100145,1628,16300,16350
001390,KG케미칼,635,60667,679,11300,11550
060720,KH바텍,6559,1017936,13748,13300,13400
001940,KISCO홀딩스,366,15664,201,12900,12650
122450,KMH,223,29440,158,5340,5390
052900,KMH하이텍,1403,1125355,1309,1165,1180
058400,KNN,5614,2125090,2511,1170,1175
114450,KPX생명과학,504,97918,394,4040,4105
025000,KPX케미칼,47,733,40,54000,54300
092230,KPX홀딩스,23,246,13,54200,54100
000040,KR모터스,196,128546,65,503,506
044450,KSS해운,893,30424,227,7430,7540
030200,KT,6636,573699,15428,26850,26900
033780,KT&G,7776,139330,14400,103500,103000
030210,KTB투자증권,539,53603,132,2465,2495
036030,KTH,321,32450,201,6120,6250
058850,KTcs,410,44301,89,2000,1995
058860,KTis,139,22758,50,2220,2215
060370,KT서브마린,147,17327,53,3060,3080
093050,LF,2040,35292,696,19650,19700
003550,LG,5715,159894,11138,69700,69700
034220,LG디스플레이,8915,872929,12428,14150,14300
001120,LG상사,2864,112997,1798,15950,15950
051900,LG생활건강,2959,20007,25678,1275000,1286000
051905,LG생활건강우,406,1022,770,756000,750000
003555,LG우,244,2923,130,44500,44600
032640,LG유플러스,9332,802619,11136,13850,13850
011070,LG이노텍,3818,140052,16904,121500,122000
066570,LG전자,14421,540959,37322,68800,70300
066575,LG전자우,627,21944,623,28300,28800
108670,LG하우시스,1461,11743,694,58700,59100
108675,LG하우시스우,90,172,5,28650,28750
051910,LG화학,8901,124348,37884,304000,303000
051915,LG화학우,3581,13435,2261,168000,167000
079550,LIG넥스원,6098,107537,3778,34850,35500
006260,LS,3807,31620,1526,48050,48200
000680,LS네트웍스,382,17251,42,2420,2415
010120,LS산전,3111,36595,1776,48400,48200
229640,LS전선아시아,1899,135183,1067,7870,7820
023150,MH에탄올,37,1310,8,5990,5950
219550,MP한강,400,72853,53,734,745
035420,NAVER,9854,280065,43126,153000,154500
160550,NEW,585,66134,261,3945,3880
053290,NE능률,86,10094,32,3195,3190
181710,NHN,2411,38339,2290,59600,60000
104200,NHN벅스,59,5378,32,6070,6070
060250,NHN한국사이버결제,8434,441558,8371,18800,19400
005940,NH투자증권,4494,412472,5157,12550,12600
005945,NH투자증권우,325,25959,234,9040,9030
034310,NICE,1499,31181,590,18800,19050
030190,NICE평가정보,4667,289925,3562,12150,12750
008260,NI스틸,299,35172,82,2345,2340
004250,NPC,851,59235,241,4035,4000
004255,NPC우,18,9133,21,2315,2300
010060,OCI,4495,155453,10645,68100,69900
024940,PN풍년,133,17767,41,2315,2310
005490,POSCO,13121,239569,53545,224500,227000
218410,RFHIC,12559,778491,33709,43100,42050
091340,S&K폴리텍,625,112028,728,6490,6510
100840,S&TC,118,5663,96,16800,16750
064960,S&T모티브,4268,36660,1798,49000,49150
003570,S&T중공업,354,7707,47,6040,6000
036530,S&T홀딩스,82,1414,20,14600,14400
010950,S-Oil,7332,155405,15545,99800,98900
010955,S-Oil우,141,2533,154,60800,60600
019550,SBI인베스트먼트,3484,3041887,2131,681,661
950110,SBI핀테크솔루션즈,1638,106536,1068,10100,10150
034120,SBS,3239,58026,1005,17300,17400
101060,SBS미디어홀딩스,317,6500,14,2150,2145
046140,SBS콘텐츠허브,1283,43193,258,5870,5990
036120,SCI평가정보,454,151406,337,2240,2220
099220,SDN,3268,2199080,3624,1680,1605
036540,SFA반도체,22953,4855253,14875,3025,3025
255220,SG,692,142068,353,2475,2525
040610,SG&G,306,46930,94,2015,2010
049470,SGA,357,291632,230,785,785
184230,SGA솔루션즈,278,119136,160,1365,1345
004060,SG세계물산,1464,1077906,1074,999,965
001380,SG충방,335,96454,195,2025,2025
002360,SH에너지화학,892,509114,542,1070,1060
009160,SIMPAC,1154,237339,818,3420,3530
123700,SJM,46,1769,5,3010,3005
025530,SJM홀딩스,61,1324,4,3065,3065
034730,SK,10615,207091,50562,243000,240000
307070,SK4호스팩,7,5823,12,2085,2080
011790,SKC,5647,90341,3790,41900,41750
178920,SKC코오롱PI,12818,1054444,34951,32400,32050
018670,SK가스,877,6636,506,76600,77000
001740,SK네트웍스,4486,574102,2935,5070,5110
001745,SK네트웍스우,260,3002,271,90400,89000
006120,SK디스커버리,821,17999,414,23000,23050
006125,SK디스커버리우,40,2120,32,14900,15000
210980,SK디앤디,611,16278,448,27400,27400
036490,SK머티리얼즈,4494,33344,6213,186300,186200
052260,SK바이오랜드,268,40756,570,14000,14150
03473K,SK우,286,1740,261,150000,149500
096770,SK이노베이션,10464,183962,29975,162500,162000
096775,SK이노베이션우,319,2851,339,119000,118500
001510,SK증권,770,578827,353,608,611
001515,SK증권우,116,10030,28,2730,2765
285130,SK케미칼,1475,19163,917,47550,47850
28513K,SK케미칼우,34,348,7,20950,21000
017670,SK텔레콤,8657,109186,26113,239000,237000
000660,SK하이닉스,27256,1556196,126079,81000,82400
950180,SNK,181,30566,544,17950,17950
005610,SPC삼립,1926,6959,681,97000,97900
011810,STX,271,15647,128,8170,8150
077970,STX엔진,170,8558,65,7590,7720
071970,STX중공업,519,167427,429,2560,2520
289080,SV인베스트먼트,350,147974,266,1820,1805
084870,TBH글로벌,301,44356,128,2905,2900
002710,TCC스틸,196,9257,26,2885,2830
032540,TJ미디어,87,4929,16,3230,3180
048770,TPC,318,52870,275,5140,5310
246690,TS인베스트먼트,172,33483,61,1835,1865
038340,UCI,845,183275,673,3690,3590
073570,WI,487,42493,364,8550,8470
024070,WISCOM,45,1158,3,2620,2635
052300,W홀딩컴퍼니,603,888253,341,389,385
040300,YTN,183,5328,10,1920,1920
051390,YW,86,6205,22,3575,3565
052220,iMBC,114,13576,31,2290,2290
079940,가비아,290,29584,222,7440,7590
078890,가온미디어,3693,428121,4202,9750,9980
000500,가온전선,71,2049,37,17950,17850
000860,강남제비스코,359,2837,63,22300,22350
217730,강스템바이오텍,1344,217080,2900,13450,13450
035250,강원랜드,7022,314129,9664,30750,30400
011420,갤럭시아에스엠,455,123163,241,1940,1965
094480,갤럭시아컴즈,175,37822,118,3150,3125
063080,게임빌,564,19288,595,30800,30150
039240,경남스틸,171,24720,43,1765,1760
002100,경농,811,48695,664,13600,13750
009450,경동나비엔,3333,161522,7076,43200,44400
267290,경동도시가스,90,4497,123,27200,27500
012320,경동인베스트,67,2069,72,34900,35300
011040,경동제약,357,13076,99,7610,7620
000050,경방,220,5289,53,10200,10200
214390,경보제약,271,19229,166,8800,8620
012610,경인양행,12716,2079955,17492,8460,8120
009140,경인전자,67,1118,23,20300,20300
024910,경창산업,196,54040,75,1395,1400
013580,계룡건설,532,2224,48,21700,22200
012200,계양전기,110,17740,50,2850,2830
012205,계양전기우,149,7078,51,7320,7330
004200,고려개발,150,5047,49,9800,9800
002140,고려산업,2219,544244,1981,3620,3645
198440,고려시멘트,2150,608191,1770,2910,2970
049720,고려신용정보,266,14008,70,5050,5050
010130,고려아연,4591,23494,10410,443000,445500
002240,고려제강,810,5117,118,22800,22900
014570,고려제약,806,99481,650,6430,6590
098460,고영,1678,30487,2743,90000,90900
038530,골드퍼시픽,384,198368,346,1720,1770
900280,골든센츄리,961,393883,180,456,459
215000,골프존,885,6480,415,63600,62800
121440,골프존뉴딘홀딩스,184,12687,48,3780,3775
009290,광동제약,1316,59776,413,6900,6920
014200,광림,154,61896,155,2505,2495
017040,광명전기,603,118971,275,2310,2360
017900,광전자,534,90306,204,2280,2250
037710,광주신세계,576,6003,1009,169000,172500
026910,광진실업,2825,741307,3247,4545,4275
090150,광진윈텍,139,13834,39,2805,2845
307280,교보8호스팩,0,0,0,0,2165
030610,교보증권,496,11437,107,9340,9340
053270,구영테크,832,197305,325,1660,1635
007690,국도화학,122,3462,163,46900,46950
005320,국동,816,338167,530,1560,1565
066620,국보디자인,93,17566,277,16100,15700
043650,국순당,134,28204,89,3170,3165
006050,국영지앤엠,168,99917,130,1285,1295
060480,국일신동,472,82357,541,6580,6540
078130,국일제지,202230,132507549,780355,6310,4860
002720,국제약품,1128,275968,1226,4400,4525
204020,그리티,847,112933,325,2855,2900
083420,그린케미칼,56,1649,6,3380,3385
186230,그린플러스,245,16881,178,10700,10550
014530,극동유화,429,50488,172,3390,3405
900070,글로벌에스엠,81,12425,9,703,702
204620,글로벌텍스프리,177,17409,60,3475,3485
019660,글로본,410,80065,267,3320,3410
014280,금강공업,384,41524,167,4025,4065
014285,금강공업우,10,1134,10,9200,9170
053260,금강철강,150,10873,37,3450,3440
008870,금비,13,72,5,63300,63800
001570,금양,223,20273,43,2125,2110
002990,금호산업,769,64630,781,12200,12100
002995,금호산업우,225,4715,235,49950,50000
011780,금호석유,4006,92769,6649,71800,71500
011785,금호석유우,259,6122,182,29750,29450
214330,금호에이치티,3569,431624,2098,4940,4775
073240,금호타이어,1148,215517,911,4215,4205
036190,금화피에스시,52,849,25,29850,29950
049080,기가레인,7733,1531776,2681,1735,1735
035460,기산텔레콤,313,32891,87,2625,2645
092440,기신정기,119,5556,20,3570,3555
000270,기아차,11332,963827,39570,40650,41400
024110,기업은행,9517,824394,10482,12750,12650
013700,까뮤이앤씨,172,191701,232,1225,1225
308100,까스텔바쟉,322,41033,437,10600,10700
004540,깨끗한나라,359,120699,281,2310,2345
004545,깨끗한나라우,96,1939,35,17800,18000
187790,나노,464,162868,356,2170,2170
074610,나노메딕스,21062,3104880,28365,9200,9100
286750,나노브릭,4926,246511,2805,11200,11400
151910,나노스,229,42493,194,4605,4600
121600,나노신소재,384,23803,357,14800,15050
039860,나노엔텍,1004,173204,783,4505,4650
091970,나노캠텍,2764,1172732,2763,2320,2410
051490,나라엠앤디,181,6088,23,3835,3845
190510,나무가,537,18312,647,35300,35900
242040,나무기술,903,258412,823,3180,3190
089600,나스미디어,1082,33000,968,29500,29550
293580,나우아이비캐피탈,126,12796,55,4250,4300
138610,나이벡,234,10893,76,7000,6980
130580,나이스디앤비,825,10614,85,7980,7970
036800,나이스정보통신,2881,37140,1182,31700,32000
082660,나인컴플렉스,202,60266,142,2315,2375
001260,남광토건,531,28483,350,12050,12350
008350,남선알미늄,12323,6233078,23939,3820,3980
008355,남선알미우,535,16794,602,36100,37150
004270,남성,31508,4614440,16586,3520,3465
003920,남양유업,179,299,148,494000,496000
003925,남양유업우,7,35,6,177500,178500
002070,남영비비안,821,75788,1212,15900,15800
025860,남해화학,1031,27375,244,8890,8920
111710,남화산업,1102,201885,1693,8310,8410
091590,남화토건,415,32664,270,8250,8200
168330,내츄럴엔도텍,458,121280,479,3950,3900
253590,네오셈,205,64804,86,1335,1340
212560,네오오토,519,59126,294,4935,5030
095660,네오위즈,2358,99983,1647,16300,16750
042420,네오위즈홀딩스,397,43751,663,15450,15100
311390,네오크레마,263,28137,190,6770,6780
085910,네오티스,27,1358,5,3850,3840
092730,네오팜,1738,27091,1311,48900,47750
290660,네오펙트,339,30179,149,4910,5010
153460,네이블,1605,335502,1488,4540,4260
007390,네이처셀,6036,734714,5633,7570,7800
033640,네패스,12671,696527,21586,30800,31650
005720,넥센,1161,25999,153,5880,5880
005725,넥센우,17,47288,159,3405,3390
002350,넥센타이어,3459,162159,1522,9380,9250
002355,넥센타이어1우B,11,4270,15,3545,3545
089140,넥스턴,272,16424,134,8210,8310
065170,넥스트BT,358,205191,326,1605,1600
003580,넥스트사이언스,1490,533651,2655,4965,5080
137940,넥스트아이,1470,296158,400,1330,1325
041140,넥슨지티,829,117655,854,7200,7190
217270,넵튠,177,20405,149,7330,7370
225570,넷게임즈,920,204364,2066,10000,10200
251270,넷마블,4878,140652,12833,91400,90400
104620,노랑풍선,409,8171,133,16350,16350
090350,노루페인트,198,19917,152,7620,7630
090355,노루페인트우,34,535,6,12200,12100
000320,노루홀딩스,133,10069,117,11750,11600
000325,노루홀딩스우,49,1319,23,17800,17800
194700,노바렉스,1572,26248,514,19500,19750
285490,노바텍,374,24266,388,16100,16100
006280,녹십자,2364,19809,2263,114000,114500
144510,녹십자랩셀,1221,67108,2337,34650,35550
031390,녹십자셀,2263,100972,4089,40450,41100
142280,녹십자엠에스,806,90641,556,6160,6350
234690,녹십자웰빙,6600,1157383,12883,11100,11550
005250,녹십자홀딩스,1455,32414,668,20500,20450
005257,녹십자홀딩스2우,283,11054,186,16900,17250
004370,농심,2375,8884,2264,253000,253500
072710,농심홀딩스,578,1610,144,89700,89600
054050,농우바이오,1043,32077,383,11900,12000
040160,누리텔레콤,328,46904,253,5400,5440
069140,누리플랜,193,14842,75,5030,5080
126870,뉴로스,2258,643653,3060,4680,4670
060260,뉴보텍,317,184885,231,1250,1240
012340,뉴인텍,725,394797,608,1475,1585
214870,뉴지랩,7366,1732054,20042,11500,11000
270870,뉴트리,1950,73976,1143,15250,15350
144960,뉴파워프라즈마,1014,90235,1644,18050,18100
900100,뉴프라이드,58916,47779902,67704,1345,1265
085670,뉴프렉스,128,54706,109,1990,2005
119860,다나와,869,36949,931,25100,25250
064260,다날,2272,485213,1654,3375,3370
093640,다믈멀티미디어,280,61589,223,3660,3625
039560,다산네트웍스,2683,318532,2806,8770,8800
058730,다스코,206,22314,128,5730,5770
023590,다우기술,3168,97132,1843,18950,18900
032190,다우데이타,363,4959,42,8420,8420
068240,다원시스,751,78144,1185,15200,15100
019680,대교,1137,22042,136,6190,6180
019685,대교우B,28,5487,23,4200,4205
006370,대구백화점,279,15885,93,5820,5950
008060,대덕전자,6879,614569,6733,10900,11150
00806K,대덕전자1우,80,10869,69,6430,6380
000490,대동공업,1955,218391,1356,6150,6330
020400,대동금속,28,1209,12,9900,9900
008830,대동기어,34,4645,14,2920,2975
048470,대동스틸,302,38615,255,6550,6680
008110,대동전자,31,1073,4,3515,3500
004780,대륙제관,169,2222,10,4470,4450
005750,대림B&Co,219,30782,124,3985,4000
000210,대림산업,4875,72788,7115,97300,97900
000215,대림산업우,98,2978,123,41150,41150
004440,대림씨엔에스,190,6399,45,7040,7070
017650,대림제지,269,64276,85,1325,1330
006570,대림통상,48,1317,5,3990,4075
007720,대명코퍼레이션,410,306194,525,1710,1745
317850,대모,12567,745995,6301,8440,8170
290670,대보마그네틱,347,12835,523,40500,41350
078140,대봉엘에스,164,14443,107,7440,7450
001680,대상,3618,109248,2441,22250,21850
001685,대상우,21,1518,20,13000,12950
084690,대상홀딩스,275,19303,136,7040,6920
084695,대상홀딩스우,83,5813,37,6320,6330
036480,대성미생물,514,30169,520,17250,17500
128820,대성산업,352,27709,110,3970,3995
117580,대성에너지,88,3340,18,5380,5400
025440,대성엘텍,45548,36004732,42492,1135,1125
027830,대성창투,21466,12531255,22613,1730,1485
104040,대성파인텍,336,168410,239,1435,1420
016710,대성홀딩스,402,19869,158,7760,7880
307750,대신밸런스제6호스팩,3,388,1,2080,2090
332290,대신밸런스제7호스팩,20,81770,166,2030,2030
020180,대신정보통신,6886,2348510,3571,1525,1475
003540,대신증권,1257,80237,1028,12800,12750
003547,대신증권2우B,124,5606,49,8650,8630
003545,대신증권우,313,31241,293,9370,9370
045390,대아티아이,2903,973840,5700,5810,5920
009190,대양금속,1076,174164,2244,12750,13350
108380,대양전기공업,41,2380,30,12650,12900
006580,대양제지,179,13687,47,3400,3415
014160,대영포장,9138,1419008,1610,1130,1120
047040,대우건설,5071,590308,2717,4600,4700
009320,대우부품,19162,4846939,12388,2460,2530
042660,대우조선해양,3199,105346,3168,29900,30300
003090,대웅,1568,61505,906,14450,14850
069620,대웅제약,9361,72153,10894,148500,150500
007680,대원,231,10582,122,11600,11600
000430,대원강업,346,33148,122,3710,3715
048910,대원미디어,320,25156,167,6660,6600
005710,대원산업,305,4890,27,5500,5480
006340,대원전선,171,79806,100,1250,1265
006345,대원전선우,92,918,3,3000,3025
003220,대원제약,361,12687,196,15550,15400
024890,대원화성,133,27046,38,1395,1410
290380,대유,262,29134,355,12150,12350
002880,대유에이텍,161,128915,117,905,913
290120,대유에이피,381,87697,866,9880,9920
000300,대유플러스,222,89214,72,805,805
120240,대정화금,153,17428,239,13750,13750
003310,대주산업,193,86927,115,1330,1345
078600,대주전자재료,2503,147563,2555,17150,17600
012800,대창,2841,2247332,2795,1250,1215
015230,대창단조,84,1056,28,26400,26700
096350,대창솔루션,770,1399695,620,441,445
140520,대창스틸,143,24838,67,2680,2700
131220,대한과학,454,37931,201,5330,5290
010170,대한광통신,2575,918472,3715,4060,4015
054670,대한뉴팜,544,120760,1412,11800,11900
001070,대한방직,101,2319,44,19050,19100
023910,대한약품,552,5404,167,30950,31000
006650,대한유화,3952,49076,6185,125500,130000
001440,대한전선,980,822565,478,585,581
084010,대한제강,1614,19834,120,6050,6080
001790,대한제당,188,17794,333,18650,18900
001799,대한제당3우B,39,12178,356,29900,30650
001795,대한제당우,33,2273,29,12800,12950
001130,대한제분,696,1615,257,158500,160500
003490,대한항공,12323,613943,15556,25400,24950
003495,대한항공우,469,17274,270,15700,15900
005880,대한해운,1702,31053,703,22550,22700
003830,대한화섬,23,169,16,94800,94900
016090,대현,270,47702,112,2340,2370
069460,대호에이엘,746,144276,743,5160,5120
021040,대호피앤씨,3448,2829220,3198,1145,1180
021045,대호피앤씨우,176,78701,108,1370,1410
067080,대화제약,14801,1819244,26038,13400,13450
192080,더블유게임즈,2630,30781,1643,53500,53500
012510,더존비즈온,4550,81167,5057,62400,63200
213420,덕산네오룩스,3821,168189,3930,23300,23500
317330,덕산테코피아,1830,82114,1653,20000,20400
077360,덕산하이메탈,297,28724,174,5990,6050
004830,덕성,424,54557,166,3030,3080
004835,덕성우,42,6273,24,3780,3825
090410,덕신하우징,249,94714,128,1345,1370
024900,덕양산업,202,46745,52,1120,1130
263600,덕우전자,736,121232,752,6160,6230
194480,데브시스터즈,55,737,5,7340,7310
263800,데이타솔루션,2104,159684,599,3720,3740
139050,데일리블록체인,543,333234,194,582,577
206560,덱스터,874,159587,1229,7670,7690
145720,덴티움,4508,93541,5835,61700,65400
067990,도이치모터스,2788,566232,4414,7900,7790
002150,도화엔지니어링,1183,109417,1091,9950,10150
006620,동구바이오제약,7087,146513,2509,16900,17000
100130,동국S&C,194,49629,100,2015,2020
005160,동국산업,149,69057,170,2465,2455
075970,동국알앤에스,450,177093,470,2650,2655
001230,동국제강,2710,193948,1207,6190,6220
086450,동국제약,1435,13420,926,68900,68500
023450,동남합성,13,72,2,23850,24000
004140,동방,179,50885,88,1740,1740
099410,동방선기,178,73243,164,2210,2265
007590,동방아그로,105,9922,67,6730,6750
005960,동부건설,1501,44628,389,8850,8860
005965,동부건설우,19,214,4,19050,19200
016380,동부제철,570,44468,414,9200,9550
016385,동부제철우,145,979,75,77400,77700
083370,동북아12호,0,0,0,0,5020
083380,동북아13호,0,0,0,0,5030
026960,동서,1502,31958,567,17650,17750
002210,동성제약,5472,935190,17076,18200,18600
102260,동성코퍼레이션,202,14171,77,5490,5440
033500,동성화인텍,2083,184224,1916,10450,10450
005190,동성화학,123,32860,548,16650,16600
025950,동신건설,55,4628,28,6020,6010
000640,동아쏘시오홀딩스,885,5996,527,87300,87100
170900,동아에스티,2546,17477,1552,88400,88300
088130,동아엘텍,192,16232,125,7680,7690
028100,동아지질,2183,87263,1788,20500,20900
282690,동아타이어,508,34974,421,12050,12350
041930,동아화성,1681,269100,1425,5280,5280
001520,동양,878,90762,135,1480,1495
001527,동양2우B,18,1525,14,9150,9140
001529,동양3우B,18,726,20,27250,27450
084670,동양고속,89,1759,48,27250,27300
030790,동양네트웍스,13342,6674354,6398,934,975
002900,동양물산,6692,2035132,1988,970,965
082640,동양생명,1068,69564,260,3730,3760
060380,동양에스텍,36,12926,37,2910,2920
001525,동양우,31,1872,12,6530,6500
079960,동양이엔피,125,9328,109,11800,11900
008970,동양철관,791,323329,372,1150,1160
228340,동양파일,327,15188,58,3820,3860
092780,동양피스톤,294,42833,199,4705,4690
104460,동양피엔에프,103,10526,104,9960,9840
088910,동우팜투테이블,1063,330917,1428,4295,4435
094170,동운아나텍,551,112995,615,5380,5500
049770,동원F&B,1664,3794,894,235000,234500
013120,동원개발,1137,47580,212,4425,4455
018500,동원금속,175,75853,65,868,866
006040,동원산업,1046,2799,616,220000,223000
030720,동원수산,334,40086,368,9160,9270
014820,동원시스템즈,1391,13377,483,36150,36250
014825,동원시스템즈우,4,49,1,26700,26800
163560,동일고무벨트,56,4249,23,5550,5530
109860,동일금속,205,51093,593,11600,11600
032960,동일기연,122,8816,112,12800,12650
004890,동일산업,42,662,37,56700,56600
002690,동일제강,124,39724,102,2575,2585
023790,동일철강,125,19426,77,3945,4050
005290,동진쎄미켐,5749,838966,14643,17450,17800
025900,동화기업,663,13175,245,18700,18650
000020,동화약품,224,11065,88,7940,8000
011160,두산건설,202,133836,174,1305,1310
241560,두산밥캣,4914,240593,7923,33050,32450
042670,두산인프라코어,2767,360345,2239,6190,6170
034020,두산중공업,2812,566072,3715,6510,6600
016740,두올,284,75259,249,3335,3280
078590,두올산업,7389,3934253,3994,1010,1035
073190,듀오백,257,48867,123,2535,2510
030350,드래곤플라이,607,118745,422,3500,3580
203650,드림시큐리티,1005,214909,684,3150,3185
060570,드림어스컴퍼니,648,52945,279,5300,5270
192650,드림텍,1482,365904,2499,6730,6830
217620,디딤,218,54695,123,2265,2265
187870,디바이스이엔지,314,44756,466,10500,10400
066670,디스플레이텍,108,7894,29,3680,3690
024090,디씨엠,17,136,2,12350,12350
003160,디아이,276,50288,161,3230,3225
092200,디아이씨,356,70946,173,2460,2475
110990,디아이티,133,16122,151,9400,9430
263690,디알젬,1515,238255,1878,7890,8030
214680,디알텍,792,498782,797,1605,1625
263720,디앤씨미디어,1016,33312,437,13050,12900
109740,디에스케이,480,84756,1000,11650,12000
033430,디에스티,253,152348,115,755,760
131030,디에이치피코리아,1308,177028,1373,7890,7590
196490,디에이테크놀로지,10765,2365512,4733,1960,2060
066900,디에이피,158,12252,34,2765,2835
127120,디엔에이링크,2168,356894,1381,3760,3600
092070,디엔에프,800,137235,1301,9520,9450
134580,디엠티,407,104171,289,2800,2670
039840,디오,6647,114475,4937,43350,43650
196450,디오스텍,18594,1839190,1381,751,755
013570,디와이,329,28165,138,4875,4905
210540,디와이파워,1524,55401,546,9860,10050
079810,디이엔티,344,27725,99,3600,3485
227100,디자인,954,74624,608,8000,8600
113810,디젠스,278,188380,103,538,534
043360,디지아이,177,12146,32,2670,2670
197140,디지캡,327,55075,219,3940,4070
106520,디지탈옵틱,419,670245,440,654,660
068930,디지털대성,166,15695,127,8060,8050
033130,디지틀조선,3323,815575,1931,2340,2305
033310,디케이디앤아이,338,38030,107,2820,2810
105740,디케이락,403,51572,523,10100,10200
263020,디케이앤디,48,6206,40,6500,6500
290550,디케이티,1868,251967,2681,10700,10350
007340,디티알오토모티브,441,6224,187,30000,30400
187220,디티앤씨,166,11170,89,8040,8040
026890,디피씨,3907,1109837,6241,5610,5730
131180,딜리,262,55772,104,1855,1865
317120,라닉스,40912,3760404,34077,8800,8490
042510,라온시큐어,16508,1994187,6355,3100,3130
050120,라이브플렉스,1968,1631188,1502,906,903
171120,라이온켐텍,259,10060,88,8790,8740
115390,락앤락,1891,81428,982,12000,12100
171010,램테크놀러지,6328,914276,8007,8680,8950
084650,랩지노믹스,5942,487816,2469,4900,5140
217500,러셀,397,76517,171,2235,2245
033600,럭슬,548,474658,305,640,652
141080,레고켐바이오,2609,52367,2524,47800,48700
038390,레드캡투어,68,1441,23,16150,16100
228670,레이,3453,96610,3152,32950,33600
228850,레이언스,75,4370,51,11800,11850
238120,로고스바이오,658,45495,564,12500,12400
215100,로보로보,1816,241200,1250,5180,5200
090360,로보스타,469,24719,462,18550,19050
108490,로보티즈,197,19414,228,11600,11800
900260,로스웰,1202,856978,567,665,669
067730,로지시스,2027,214417,727,3490,3270
071280,로체시스템즈,1445,149624,764,5010,5120
032350,롯데관광개발,1803,231782,2689,11450,11450
000400,롯데손해보험,603,226369,495,2205,2165
023530,롯데쇼핑,3380,76754,9970,128500,130000
004000,롯데정밀화학,3273,48757,2203,44800,45700
286940,롯데정보통신,4560,81244,3681,45400,44000
280360,롯데제과,360,829,119,143500,144500
004990,롯데지주,4112,207079,8013,38450,37850
00499K,롯데지주우,2120,56841,3155,52700,55900
005300,롯데칠성,1748,13371,1883,140500,139000
005305,롯데칠성우,13,40,3,72000,71900
011170,롯데케미칼,5107,68864,16444,239500,239500
002270,롯데푸드,444,702,310,439500,441000
071840,롯데하이마트,3605,48811,1512,30950,31150
038060,루멘스,409,109379,232,2145,2135
082800,루미마이크로,487,515819,802,1540,1540
085370,루트로닉,866,59188,507,8520,8670
08537M,루트로닉3우C,6,869,10,12000,11750
060240,룽투코리아,1705,182075,1049,5820,5750
058470,리노공업,2668,18740,1009,53100,54100
039980,리노스,352,88620,118,1340,1345
016100,리더스코스메틱,500,61367,365,5920,6010
197210,리드,3442,1580166,1535,953,967
012700,리드코프,731,167031,982,5850,5980
131100,리켐,808,153327,599,3950,3945
277070,린드먼아시아,249,13136,51,3930,3920
042500,링네트,2477,136692,605,4470,4465
219420,링크제니시스,1357,247845,2138,8530,8590
027740,마니커,16356,20628019,19411,940,982
195500,마니커에프앤지,6482,984001,12700,13050,13800
305090,마이크로디지탈,2345,139983,2169,15400,14900
098120,마이크로컨텍솔,372,95058,288,2975,3080
227950,마이크로텍,1895,496491,1201,2480,2355
147760,마이크로프랜드,326,24549,109,4450,4440
038290,마크로젠,865,57162,1411,24600,25200
204320,만도,9047,240440,8228,34050,33800
001080,만호제강,129,2578,44,17200,17150
267980,매일유업,1640,15873,1434,90200,90900
005990,매일홀딩스,67,1864,22,11850,11850
127160,매직마이크로,3672,1717269,1892,1100,1140
093520,매커스,172,25613,100,3915,3915
141070,맥스로텍,368,166289,201,1215,1200
088980,맥쿼리인프라,1065,205003,2441,11900,11950
094800,맵스리얼티1,974,307201,1522,4975,4975
100590,머큐리,4198,640494,7176,11000,10900
067280,멀티캠퍼스,241,3715,150,40100,40000
072870,메가스터디,178,14839,168,11400,11400
215200,메가스터디교육,1536,28114,956,33700,33450
133750,메가엠디,36012,2638373,8047,3025,2990
041920,메디아나,299,29191,248,8540,8530
086900,메디톡스,23467,217603,72948,335000,371500
015540,메디파트너생명공학,1578,173280,1222,7190,6810
078160,메디포스트,1417,74617,2335,31100,31800
065650,메디프론,834,151349,690,4550,4450
138040,메리츠금융지주,2137,57687,749,12850,13000
008560,메리츠종금증권,6710,707629,3442,4870,4910
000060,메리츠화재,2789,83687,1604,19100,19400
021880,메이슨캐피탈,274,489526,130,267,273
140410,메지온,4856,86289,15041,174100,173000
241770,메카로,236,16198,226,14100,13800
090370,메타랩스,1254,760587,1005,1295,1365
059210,메타바이오메드,306,79565,192,2430,2445
058110,멕아이씨에스,190,19592,73,3765,3695
096640,멜파스,192,58593,143,2455,2450
017180,명문제약,3241,522345,2303,4300,4300
257370,명성티엔에스,3316,248618,3646,14650,13750
012690,모나리자,2057,345974,1440,4145,4125
005360,모나미,3038,475374,2129,4435,4460
080420,모다이노칩,206,28148,90,3230,3235
080160,모두투어,1656,119971,1906,15800,15850
204210,모두투어리츠,9,496,2,3030,3010
100030,모바일리더,376,15970,394,24600,24800
087260,모바일어플라이언스,1408,184424,1038,5580,5600
101330,모베이스,755,81370,347,4280,4260
250060,모비스,698,211102,556,2610,2665
033200,모아텍,61,922,4,4430,4380
009680,모토닉,688,18887,165,8730,8690
118990,모트렉스,676,127631,454,3560,3495
006920,모헨즈,785,111683,508,4535,4385
009580,무림P&P,1080,71486,317,4425,4435
001810,무림SP,131,8323,19,2335,2330
009200,무림페이퍼,198,16338,43,2605,2600
033920,무학,348,11134,103,9220,9300
008420,문배철강,226,61058,169,2750,2795
028040,미래SCI,23215,1568563,745,476,485
095500,미래나노텍,258,27287,87,3185,3205
025560,미래산업,16755,10461790,1796,172,172
218150,미래생명자원,1654,201089,645,3190,3230
007120,미래아이앤지,150,42947,13,297,297
006800,미래에셋대우,14967,1054016,7725,7300,7430
00680K,미래에셋대우2우B,746,61681,261,4220,4235
265480,미래에셋대우스팩1호,3,578,1,2100,2100
310200,미래에셋대우스팩2호,35,7443,15,2085,2085
328380,미래에셋대우스팩3호,18,5823,12,2055,2060
006805,미래에셋대우우,39,5729,27,4635,4645
100790,미래에셋벤처투자,332,61034,271,4430,4485
085620,미래에셋생명,1620,41198,166,4050,4015
049950,미래컴퍼니,854,29537,1105,37150,38300
213090,미래테크놀로지,102,2536,23,9130,9140
207760,미스터블루,14993,1113214,8370,7500,7390
002840,미원상사,28,1203,69,57400,57500
268280,미원에스씨,180,10671,759,72400,71100
107590,미원홀딩스,55,230,9,41100,41700
134380,미원화학,23,194,8,42400,42350
003650,미창석유,75,1548,124,81000,80000
059090,미코,2312,508623,2952,5770,5780
201490,미투온,4413,765883,5280,6900,6910
214180,민앤지,2135,183092,3210,17650,17400
155900,바다로19호,16,8434,25,2950,2955
206640,바디텍메드,412,19980,175,8740,8810
018700,바른손,152,35742,75,2110,2125
035620,바른손이앤에이,826,714995,1146,1610,1645
029480,바른테크놀로지,513,501771,441,896,893
053030,바이넥스,2167,192197,1733,8960,9000
064550,바이오니아,814,78733,596,7590,7660
208710,바이오로그디바이스,211,40158,73,1820,1840
142760,바이오리더스,1160,172147,1325,7510,7850
086820,바이오솔루션,9796,814092,29974,37500,38800
038460,바이오스마트,428,95836,462,4780,4855
044480,바이오제네틱스,4549,640084,4624,7380,7020
086040,바이오톡스텍,1625,309508,2169,7070,7050
032980,바이온,4755,1816790,2636,1490,1400
043150,바텍,1023,42297,1083,25500,26250
003610,방림,46,23471,47,1985,1990
267790,배럴,410,59544,641,10800,10800
001340,백광산업,529,145082,371,2555,2580
014580,백광소재,6516,1449348,6831,4710,4870
046310,백금T&A,5552,193579,537,2735,2820
035150,백산,1430,215916,1472,6750,6910
036620,버추얼텍,102,49845,40,802,802
066410,버킷스튜디오,277,87525,155,1760,1770
002410,범양건영,235,34287,56,1645,1630
019010,베뉴지,50,13051,24,1815,1805
177350,베셀,24646,5042512,21862,4300,3955
299910,베스파,14725,1078966,19915,17350,16250
096300,베트남개발1,120,194312,86,445,442
007210,벽산,850,305648,585,1920,1950
225530,보광산업,596,95847,421,4330,4290
250000,보라티알,359,29338,233,7930,7920
002760,보락,3145,503260,1037,2065,2035
014100,보령메디앙스,451,48649,372,7640,7660
003850,보령제약,2644,163007,2057,12650,12700
006910,보성파워텍,821,252502,559,2185,2250
000890,보해양조,3246,2729563,3165,1160,1165
226340,본느,1149,357505,1449,4065,4105
003000,부광약품,1717,139708,2048,14500,14700
001270,부국증권,71,2617,53,20500,20550
001275,부국증권우,24,4752,89,18800,19000
026940,부국철강,292,51851,193,3765,3755
014470,부방,712,159233,484,3070,3070
015350,부산가스,41,429,15,36000,35900
011390,부산산업,1245,40546,6397,156000,162000
005030,부산주공,367,77178,37,485,495
008470,부스타,210,21516,124,5750,5820
100120,뷰웍스,732,21786,520,23950,24000
066980,브레인콘텐츠,542,416434,263,630,640
064480,브리지텍,156,9811,29,2925,2925
251630,브이원텍,458,51730,447,8640,8720
263920,블러썸엠앤씨,784,72322,822,11500,11800
033560,블루콤,817,105714,329,3135,3125
121800,비덴트,3124,579243,5073,8820,8490
148140,비디아이,125,4224,36,8550,8530
100220,비상교육,226,41929,343,8150,8150
200780,비씨월드제약,223,17773,243,13500,13700
141000,비아트론,208,20807,205,9860,9900
090460,비에이치,10708,687892,14706,21100,20900
083650,비에이치아이,82,15829,35,2235,2265
086670,비엠티,867,57817,415,7190,7070
138580,비즈니스온,519,26081,367,14200,14250
082920,비츠로셀,2344,456675,5247,11600,11050
042370,비츠로테크,217,45944,253,5480,5490
032850,비트컴퓨터,1326,89606,350,3890,3940
101140,비티원,504,152841,409,2720,2710
238200,비피도,272,11223,253,22800,22450
093190,빅솔론,124,13413,73,5450,5490
065450,빅텍,5307,2309128,6928,3020,2945
005180,빙그레,1948,17641,1037,58700,58600
072950,빛샘전자,165,8508,49,5730,5730
143240,사람인에이치알,953,24761,731,29300,29750
003960,사조대림,299,12790,227,17900,17450
008040,사조동아원,1182,520600,569,1095,1085
007160,사조산업,645,6515,267,40500,41400
014710,사조씨푸드,194,45017,245,5460,5430
006090,사조오양,484,65066,560,8540,8700
100090,삼강엠앤티,120,32737,139,4270,4290
005090,삼광글라스,104,518,16,31450,31550
122350,삼기오토모티브,337,29359,76,2605,2630
014970,삼륭물산,7826,369795,3851,10200,10450
018310,삼목에스폼,218,3334,32,9560,9610
053700,삼보모터스,166,37970,198,5210,5290
009620,삼보산업,679,307870,335,1070,1095
023600,삼보판지,279,22806,190,8360,8410
111870,삼본전자,9309,2366976,6784,2835,2915
001470,삼부토건,613,495907,350,700,714
006400,삼성SDI,8395,177269,39015,220000,218500
006405,삼성SDI우,89,1752,152,86100,86500
006660,삼성공조,59,1397,12,8710,8710
309930,삼성머스트스팩3호,3,600,1,2100,2110
028260,삼성물산,13305,342620,32057,93200,92300
02826K,삼성물산우B,251,2628,182,69000,69200
207940,삼성바이오로직스,12469,220582,76718,345000,339000
032830,삼성생명,6158,255534,18084,71000,70100
291230,삼성스팩2호,5,2604,5,2085,2080
018260,삼성에스디에스,4139,54832,10664,194000,194500
028050,삼성엔지니어링,9371,478217,8129,16900,17250
009150,삼성전기,19064,621428,68875,110500,112500
009155,삼성전기우,339,4169,187,44700,45300
005930,삼성전자,54828,6610871,332975,50500,50700
005935,삼성전자우,8250,1027306,41881,40900,41100
001360,삼성제약,25789,8771889,29184,3330,3460
010140,삼성중공업,15316,3248382,25739,7920,8070
010145,삼성중공우,96,941,57,60000,61700
016360,삼성증권,9220,119670,4142,34600,35000
068290,삼성출판사,437,30822,385,12400,12650
029780,삼성카드,3310,61935,2187,35250,35150
000810,삼성화재,4721,101688,22670,223500,222000
000815,삼성화재우,1199,2739,451,164500,164000
006110,삼아알미늄,174,14725,65,4415,4475
009300,삼아제약,66,4437,72,16100,16400
145990,삼양사,736,3509,178,50400,50400
145995,삼양사우,80,559,20,34600,34200
003230,삼양식품,4989,49614,4176,83600,82000
225190,삼양옵틱스,144,12681,168,13300,13250
002170,삼양통상,337,966,58,60200,60400
272550,삼양패키징,245,14162,227,16100,16200
000070,삼양홀딩스,836,9199,597,64600,63800
000075,삼양홀딩스우,15,45,2,45000,45200
002810,삼영무역,91,6035,98,16400,16350
054540,삼영엠텍,185,31364,109,3435,3430
005680,삼영전자,424,12195,112,9200,9240
003720,삼영화학,73,25010,27,1065,1070
023000,삼원강재,180,6281,18,2840,2835
073640,삼원테크,112,27602,33,1215,1220
004380,삼익THK,1847,11630,144,12300,12400
002450,삼익악기,463,115755,211,1830,1830
032280,삼일,130,24428,49,2025,2025
002290,삼일기업공사,744,266566,896,3400,3280
000520,삼일제약,966,88900,1938,21450,22400
009770,삼정펄프,21,127,4,33700,34100
037460,삼지전자,776,103904,1124,10750,10900
032750,삼진,182,26087,284,10900,10900
054090,삼진엘앤디,140,55120,114,2060,2080
005500,삼진제약,1479,20601,537,25950,26100
000250,삼천당제약,4320,172781,6080,35250,35900
004690,삼천리,233,1388,117,84200,84200
024950,삼천리자전거,249,15815,89,5610,5640
038500,삼표시멘트,746,60832,212,3495,3530
017480,삼현철강,102,12349,51,4185,4170
001880,삼호,252,3479,67,19450,19050
010960,삼호개발,597,35678,160,4510,4545
046390,삼화네트웍스,1544,308536,474,1510,1525
004450,삼화왕관,13,34,2,45750,46000
009470,삼화전기,319,36932,571,15650,15550
011230,삼화전자,144,29008,77,2680,2695
001820,삼화콘덴서,6754,200616,9801,48350,50000
000390,삼화페인트,246,11293,61,5420,5450
027580,상보,33309,20447623,26164,1275,1235
038540,상상인,1920,379350,4667,12300,12550
307870,상상인이안1호스팩,2,2,0,2070,2075
329560,상상인이안제2호스팩,19,5982,12,2040,2040
101000,상상인인더스트리,1615,326687,666,2040,2005
001290,상상인증권,304,87727,145,1665,1695
041650,상신브레이크,128,3386,14,3980,4015
091580,상신이디피,878,112949,969,8580,8510
263810,상신전자,501,48016,255,5350,5270
089980,상아프론테크,1433,133332,2173,16350,16250
042940,상지카일룸,172,121458,173,1430,1420
042600,새로닉스,42,590,2,3790,3810
075180,새론오토모티브,57,1207,6,4580,4640
263540,샘코,32041,3562564,31988,8770,8930
007540,샘표,818,24923,1017,40900,40800
248170,샘표식품,697,24106,728,30050,30650
038070,서린바이오,255,13421,116,8600,8700
006730,서부T&D,1779,119858,951,7910,7930
079650,서산,62,9098,27,2950,2960
100660,서암기계공업,3569,241552,1689,6930,7030
007860,서연,171,16311,57,3505,3490
200880,서연이화,982,25037,144,5770,5760
012860,서연전자,12014,4383439,9056,2020,1975
019770,서연탑메탈,575,128709,364,2860,2785
017390,서울가스,26,44,3,68700,69300
043710,서울리거,1041,212638,356,1650,1725
046890,서울반도체,3439,381232,5098,13350,13350
004410,서울식품,889,1299794,230,178,177
004415,서울식품우,93,12164,44,3655,3620
063170,서울옥션,417,59841,328,5480,5470
027040,서울전자통신,324,178433,201,1145,1110
018680,서울제약,257,20797,137,6630,6610
021050,서원,238,138525,156,1125,1125
093920,서원인텍,338,25735,150,5820,5850
189860,서전기전,259,29142,114,3920,3970
178320,서진시스템,10102,980794,28133,28400,27700
122690,서진오토모티브,204,8799,20,2255,2250
140070,서플러스글로벌,366,62677,141,2260,2295
011370,서한,410,227788,299,1310,1315
065710,서호전기,256,12990,290,22350,22600
008490,서흥,2425,16076,535,33450,33400
035890,서희건설,765,1054983,1209,1150,1155
003100,선광,54,3302,51,15600,15750
123420,선데이토즈,32263,4327917,95598,23750,18300
007610,선도전기,325,51945,180,3455,3530
171090,선익시스템,586,70388,644,9100,9130
136490,선진,976,38583,384,9870,10050
002820,선창산업,41,2335,11,4580,4580
014620,성광벤드,1927,64860,685,10500,10700
037350,성도이엔지,314,43923,207,4720,4720
014910,성문전자,440,160044,366,2260,2325
014915,성문전자우,92,10513,131,12350,12400
003080,성보화학,60,1062,5,4890,4900
004980,성신양회,547,73458,631,8600,8640
004985,성신양회우,116,8835,98,11000,11400
011300,성안,213,172798,77,442,445
081580,성우전자,158,9671,30,3070,3065
045300,성우테크론,283,37027,156,4190,4160
015750,성우하이텍,710,109126,397,3635,3655
000180,성창기업지주,173,29433,52,1760,1770
080470,성창오토텍,607,68317,565,8190,8200
043260,성호전자,565,50053,42,847,848
148150,세경하이테크,7499,216293,10894,50600,50000
002420,세기상사,56,390,22,56700,57000
053060,세동,134,49875,38,770,785
017510,세명전기,408,32797,162,4900,5000
214310,세미콘라이트,1682,1730974,1186,682,704
004360,세방,204,7477,88,11950,11950
004365,세방우,0,0,0,0,6690
004490,세방전지,1860,10278,417,40150,40600
011560,세보엠이씨,106,6674,56,8350,8490
001430,세아베스틸,1234,32269,516,15900,16200
306200,세아제강,228,1443,91,63200,63700
003030,세아제강지주,261,1822,91,49900,49700
019440,세아특수강,78,2623,35,13450,13450
058650,세아홀딩스,36,335,27,81500,82300
013000,세우글로벌,1521,734286,1456,1995,1965
100700,세운메디칼,207,27911,96,3435,3440
234100,세원,333,364241,965,2655,2685
091090,세원셀론텍,586,139634,431,3060,3110
067830,세이브존I&C,42,1514,5,3380,3380
033530,세종공업,335,46487,209,4470,4505
258830,세종메디칼,305,21790,187,8580,8670
036630,세종텔레콤,1244,2260205,913,398,398
039310,세중,96,20967,65,3095,3095
075580,세진중공업,611,93741,478,5130,5160
067770,세진티에스,168,23963,66,2735,2750
053450,세코닉스,249,27339,182,6660,6730
234340,세틀뱅크,2009,107729,3673,33850,34900
027970,세하,1070,445622,1177,2630,2745
252500,세화피앤씨,1405,514047,1497,2825,2900
051980,센트럴바이오,6380,2316191,1959,818,785
049180,셀루메드,853,151662,867,5660,5650
299660,셀리드,1374,126199,2925,23100,23700
268600,셀리버리,4392,259823,11685,46000,44500
208370,셀바스헬스케어,183,43332,86,2005,1970
068270,셀트리온,13302,384190,72262,188000,187000
068760,셀트리온제약,3205,121706,4881,40150,40100
091990,셀트리온헬스케어,6783,521254,28789,55100,55700
053110,소리바다,1914,1365990,1346,1015,941
032680,소프트센,22263,8458790,16624,1995,1965
032685,소프트센우,741,21627,544,25600,25050
066910,손오공,431,111047,172,1550,1560
043100,솔고바이오,517,626346,147,235,234
154040,솔루에타,1177,205497,686,3335,3215
035610,솔본,253,42252,181,4330,4235
036830,솔브레인,6319,192365,15482,80100,81200
230980,솔트웍스,511,125166,516,4100,4110
004430,송원산업,6478,445793,7957,17800,18400
086980,쇼박스,1441,555246,1789,3245,3170
050960,수산아이앤티,103,1896,12,6190,6230
017550,수산중공업,304,143377,212,1480,1480
084180,수성,9438,1761721,6487,3365,3285
253840,수젠텍,2358,260572,1755,6800,6710
002200,수출포장,91,1022,19,19050,19050
058530,슈펙스비앤피,734,277606,131,473,476
236200,슈프리마,8929,745884,15768,21200,22750
317770,슈프리마아이디,461,54594,1058,19200,20000
094840,슈프리마에이치큐,1229,83430,446,5280,5550
192440,슈피겐코리아,1661,35337,2112,59200,59300
099440,스맥,275,42070,114,2700,2715
053210,스카이라이프,1637,37140,340,9140,9220
033790,스카이문스테크놀로지,140,11760,11,953,947
159910,스킨앤스킨,276,309545,100,328,325
158310,스타모빌리티,351,87595,266,3005,3140
115570,스타플렉스,98,11231,54,4825,4740
253450,스튜디오드래곤,10597,142974,9874,68400,67300
013810,스페코,256,48781,138,2845,2800
049830,승일,137,1932,17,8610,8710
020710,시공테크,89,10001,50,5000,4990
033170,시그네틱스,9105,3963906,4447,1155,1085
048870,시너지이노베이션,376,179416,363,2035,2005
025320,시노펙스,1789,617594,1830,2975,2975
134790,시디즈,53,370,14,38750,39250
269620,시스웍,207,52534,135,2590,2590
131090,시큐브,10123,3877541,5556,1380,1365
016590,신대양제지,599,8018,524,66000,66100
029530,신도리코,522,10544,400,37850,38100
004970,신라교역,230,14791,187,12700,12600
001000,신라섬유,215,38617,73,1900,1890
025870,신라에스지,1304,125495,1663,13250,14000
215600,신라젠,22304,4723509,63787,13150,13600
065350,신성델타테크,347,8586,27,3150,3145
011930,신성이엔지,555,300427,280,928,941
005390,신성통상,7118,3497967,5639,1605,1565
004170,신세계,7331,29971,7322,243500,246500
034300,신세계건설,110,2948,75,25400,25150
031430,신세계인터내셔날,8836,58268,10884,187500,190500
031440,신세계푸드,342,2316,171,73700,74000
006880,신송홀딩스,222,18607,76,4080,4125
056000,신스타임즈,7636,2446590,9393,3990,3070
002800,신신제약,1289,86493,548,6260,6360
307180,신영스팩4호,157,101539,214,2140,2155
323280,신영스팩5호,140,7584,16,2095,2100
005800,신영와코루,6,9,1,105000,105000
001720,신영증권,475,7837,440,56300,55700
001725,신영증권우,137,1757,93,52900,52500
009270,신원,1597,982220,2089,2105,2170
009275,신원우,61,618,31,51000,51500
017000,신원종합개발,139,35815,136,3830,3770
002700,신일산업,11416,4000413,6834,1710,1685
012790,신일제약,153,5688,50,8770,8750
138070,신진에스엠,32,2268,13,5590,5590
019170,신풍제약,997,140769,888,6250,6360
019175,신풍제약우,78,3658,20,5600,5630
002870,신풍제지,45,23418,31,1310,1310
293940,신한알파리츠,1159,201088,1646,8250,8110
277480,신한제4호스팩,3,2489,5,2105,2095
323230,신한제5호스팩,31,12094,25,2075,2070
055550,신한지주,9992,573330,24409,42700,42700
001770,신화실업,196,5342,124,23050,23400
056700,신화인터텍,4540,896592,4039,4420,4355
187270,신화콘텍,51,9605,27,2825,2830
004080,신흥,26,1140,11,9390,9400
243840,신흥에스이씨,556,17645,587,33550,33650
108320,실리콘웍스,2263,101260,3488,34800,34900
222800,심텍,6937,460016,4404,9450,9850
036710,심텍홀딩스,776,51532,86,1680,1720
160980,싸이맥스,421,49617,486,9800,9960
217330,싸이토젠,1135,142589,1432,10050,10250
102280,쌍방울,1116,804403,817,1010,1010
003410,쌍용양회,4332,354311,2078,5860,5880
003415,쌍용양회우,1900,120261,1579,13000,12700
010280,쌍용정보통신,534,402857,634,1585,1555
003620,쌍용차,784,80148,224,2790,2775
004770,써니전자,3144,1421585,5248,3730,3655
208640,썸에이지,2291,675152,400,590,590
222420,쎄노텍,1893,681935,1547,2315,2300
037760,쎄니트,82,18219,31,1710,1730
136510,쎄미시스코,8449,556504,4657,7930,7830
099320,쎄트렉아이,484,28116,592,21100,21000
049960,쎌바이오텍,826,62095,1197,19050,19600
050890,쏠리드,10106,2969418,18196,6040,5950
222080,씨아이에스,10794,355465,810,2265,2325
004920,씨아이테크,172,91376,45,489,490
264660,씨앤지하이테크,1481,249675,2112,8500,8610
112610,씨에스윈드,1721,22909,750,32950,32750
225330,씨엠에스에듀,259,11900,64,5310,5460
115480,씨유메디칼,134,52200,116,2260,2270
096530,씨젠,1951,162838,3731,22750,22450
900120,씨케이에이치,557,723599,259,358,362
101240,씨큐브,231,21000,169,8040,8050
047920,씨트리,1825,1214239,7726,6450,4965
060590,씨티씨바이오,1277,146837,916,6230,6340
036170,씨티젠,63974,15735511,45354,2890,2510
260930,씨티케이코스메틱스,315,3875,59,15250,15350
013990,아가방컴퍼니,1107,251377,923,3650,3650
123860,아나패스,1462,71940,2116,29250,30000
025980,아난티,3042,901924,11036,12150,12450
008700,아남전자,985,274941,618,2240,2260
125210,아모그린텍,752,34753,287,8220,8310
002790,아모레G,5543,76987,5444,70700,70900
002795,아모레G우,296,4496,127,28200,28400
090430,아모레퍼시픽,6168,129012,19950,153000,154500
090435,아모레퍼시픽우,337,6515,497,76200,76700
052710,아모텍,6867,305518,6716,21950,22750
074430,아미노로직스,958,387532,801,2065,2130
092040,아미코젠,988,68276,1589,22900,23900
083930,아바코,454,71824,395,5510,5550
149950,아바텍,169,7551,60,7970,7970
036010,아비코전자,446,25689,118,4630,4630
002030,아세아,99,177,21,118000,117500
183190,아세아시멘트,511,1699,148,87100,88600
002310,아세아제지,747,12543,375,29900,30050
050860,아세아텍,326,100457,423,4195,4190
246720,아스타,114,12960,61,4710,4780
067390,아스트,2042,339337,3301,9700,9970
127710,아시아경제,113,52864,113,2120,2145
267850,아시아나IDT,756,71753,1254,17500,17350
020560,아시아나항공,2798,806962,4267,5330,5290
154030,아시아종묘,1111,86190,551,6310,6400
227610,아우딘퓨쳐스,195,16217,138,8490,8490
143160,아이디스,1725,81487,2853,35450,35050
054800,아이디스홀딩스,23,835,11,13350,13350
122900,아이마켓코리아,2166,98971,1025,10400,10200
099190,아이센스,1436,57763,1668,28950,28300
289010,아이스크림에듀,166,18377,151,8150,8220
214430,아이쓰리시스템,371,21648,415,19150,19250
040910,아이씨디,5067,265184,3765,14200,14500
068940,아이씨케이,1016,244837,442,1810,1760
052860,아이앤씨,1070,171077,863,5000,5100
010780,아이에스동서,2215,40370,1281,31450,31750
069920,아이에스이커머스,48,3498,17,4905,4915
038880,아이에이,932,1105702,624,558,571
123010,아이에이네트웍스,804,111583,647,5780,5810
101390,아이엠,291,142423,162,1130,1145
226350,아이엠텍,314,377746,377,1015,1000
078860,아이오케이,318,138433,270,1950,1950
114810,아이원스,455,39649,222,5630,5650
031310,아이즈비전,1834,171334,809,4720,4635
185490,아이진,456,45410,492,10850,10900
059100,아이컴포넌트,96,9423,58,6220,6180
175250,아이큐어,2757,161293,4151,25200,24600
052460,아이크래프트,814,262377,816,3070,3085
119830,아이텍,22296,1880314,12981,6830,6230
124500,아이티센,1202,128718,556,4400,4370
027360,아주IB투자,581,338885,337,998,978
033660,아주캐피탈,1242,26386,284,10800,10850
032080,아즈텍WB,89,21130,38,1835,1835
013310,아진산업,2001,661971,1976,2995,2940
059120,아진엑스텍,161,16240,110,6780,6840
158430,아톤,35024,1707340,74934,42850,46050
067160,아프리카TV,2442,42582,2814,66300,65800
001540,안국약품,674,105445,1226,11500,11750
053800,안랩,1485,56794,3559,62800,62300
065660,안트로젠,1451,66489,2755,41050,42250
297570,알로이스,12023,1202340,3190,2530,2390
001780,알루코,473,73642,170,2310,2320
260660,알리코제약,3984,495746,6376,12700,13100
131370,알서포트,37783,2414845,7247,2925,3075
140670,알에스오토메이션,423,40577,390,9680,9700
096610,알에프세미,12503,1017525,6220,6010,5720
061040,알에프텍,834,142787,1092,7680,7670
148250,알엔투테크놀로지,729,34825,450,12800,13050
196170,알테오젠,3346,231734,9915,42800,42400
123750,알톤스포츠,133,13549,30,2125,2200
085810,알티캐스트,4635,1148854,2412,2125,2160
117670,알파홀딩스,6194,1221707,9432,7290,7310
293780,압타바이오,1542,188248,3400,17750,18200
018250,애경산업,1891,53606,1612,29950,30350
161000,애경유화,952,47215,373,7860,7940
196300,애니젠,563,40564,384,9270,9590
205500,액션스퀘어,1829,439805,623,1400,1350
052790,액토즈소프트,177,18274,203,11050,11200
131400,액트,572,157832,628,3980,3980
290740,액트로,2976,265967,2929,11000,11250
238090,앤디포스,426,107544,554,5140,5210
092600,앤씨앤,645,134889,328,2395,2440
174900,앱클론,954,45697,1829,39800,39850
255440,야스,1803,110390,2788,25100,24700
030960,양지사,339,33871,375,11100,10850
102120,어보브반도체,584,61876,359,5740,5870
019990,에너토크,135,15343,58,3835,3845
011090,에넥스,53668,32949091,46677,1345,1270
041440,에버다임,166,4958,23,4780,4760
038680,에스넷,2832,494632,3893,7910,7780
217480,에스디생명공학,5728,983986,6851,6870,7250
121890,에스디시스템,623,165631,433,2615,2665
097780,에스맥,2212,785304,663,848,856
073070,에스모,18688,11509564,25801,2220,2290
042110,에스씨디,285,143500,163,1130,1130
103230,에스앤더블류,631,121751,436,3560,3480
900080,에스앤씨엔진그룹,92,69973,31,439,442
101490,에스앤에스텍,4516,529248,5225,9880,9890
095910,에스에너지,22604,3623233,16396,4155,3830
275630,에스에스알,154,12037,82,6870,6850
031330,에스에이엠티,1719,744766,1659,2220,2245
060540,에스에이티,204,99379,197,1980,2005
056190,에스에프에이,5064,114908,5045,44050,44400
080000,에스엔유,663,166270,461,2750,2740
160600,에스엔텍비엠,10717,2427410,6984,2835,2810
005850,에스엘,1877,23658,526,22000,22250
041510,에스엠,5788,187071,6754,36000,35650
007820,에스엠코어,325,33253,284,8520,8710
109610,에스와이,218,35078,149,4270,4215
012750,에스원,3404,33214,3223,97100,97700
080440,에스제이케이,290,101060,188,1885,1865
096630,에스코넥,15998,3915852,6492,1695,1645
069510,에스텍,79,2900,34,11850,11900
041910,에스텍파마,855,86499,646,7420,7600
234300,에스트래픽,195,18759,138,7370,7460
039440,에스티아이,2336,146170,2741,18450,18600
098660,에스티오,115,14195,33,2310,2340
052020,에스티큐브,1090,122591,1368,11250,11350
237690,에스티팜,1181,39808,726,18100,18250
050760,에스폴리텍,913,289626,1134,3930,3755
288620,에스퓨얼셀,36248,3410285,72208,19300,18500
317830,에스피시스템스,3153,332712,2712,8400,7820
058610,에스피지,503,66701,512,7690,7810
043340,에쎈테크,186,50121,44,889,888
023960,에쓰씨엔지니어링,101,21679,34,1555,1550
298690,에어부산,3336,901590,5910,6530,6510
054630,에이디칩스,743,419392,576,1375,1405
200710,에이디테크놀로지,2677,219667,3428,15550,16200
140910,에이리츠,30,2385,16,6530,6500
078520,에이블씨엔씨,726,40626,451,11000,11100
298380,에이비엘바이오,5588,744068,14354,19050,19250
003800,에이스침대,10,50,2,33950,34150
088800,에이스테크,3575,824679,6536,8010,7930
241840,에이스토리,8334,890209,9337,10450,10050
039230,에이아이비트,197915,3315099,1655,494,528
312610,에이에프더블류,2032,137691,1940,14500,13750
015260,에이엔피,195,115043,40,351,352
072990,에이치시티,310,32357,312,9710,9740
176440,에이치엔티,380,50336,662,13250,13250
028300,에이치엘비,18358,872262,111458,127600,127900
067630,에이치엘비생명과학,41038,8685308,166933,19550,17750
043220,에이치엘비파워,3869,3071508,2948,935,960
239610,에이치엘사이언스,2393,42045,2720,63700,66000
044780,에이치케이,274,180661,286,1620,1585
071670,에이테크솔루션,291,40749,329,8110,8100
045660,에이텍,1495,167262,1559,9350,9250
224110,에이텍티앤,293,32179,271,8450,8370
021080,에이티넘인베스트,654,336271,620,1835,1830
089530,에이티세미콘,121,75404,40,536,531
003060,에이프로젠제약,22748,10939171,12279,1130,1160
089970,에이피티씨,337,99732,635,6490,6380
230240,에치에프알,2849,223839,5617,24750,24650
064510,에코마이스터,984,149692,865,5700,5900
230360,에코마케팅,5643,121727,3949,32950,32650
038870,에코바이오,401,32100,170,5230,5310
128540,에코캡,6039,652185,2265,3440,3620
086520,에코프로,2758,267921,5011,18650,19250
247540,에코프로비엠,1995,88853,4405,49450,50600
038110,에코플라스틱,126,38118,62,1635,1625
073540,에프알텍,6305,451328,2906,6330,6700
064090,에프앤리퍼블릭,314,157680,164,1030,1045
036810,에프에스티,1612,219484,1583,7130,7270
173940,에프엔씨엔터,112,4455,34,7600,7600
083500,에프엔에스테크,951,64919,363,5500,5710
054940,엑사이엔씨,94269,62262489,141909,2300,2060
950130,엑세스바이오,471,122902,277,2240,2280
205100,엑셈,203,76108,215,2820,2840
092870,엑시콘,165,27540,163,5940,5930
067570,엔브이에이치코리아,102,4235,12,2775,2765
101400,엔시트론,287,213003,98,463,470
036570,엔씨소프트,9874,67150,34456,516000,506000
217820,엔에스,597,74568,451,6050,6100
138250,엔에스쇼핑,1056,17080,174,10200,10150
031860,엔에스엔,260,127239,165,1280,1315
256840,엔에이치스팩11호,530,205901,507,2435,2530
273060,엔에이치스팩12호,6,1944,4,2090,2095
310840,엔에이치스팩13호,65,3918,8,2095,2100
319400,엔에이치스팩14호,6,2112,4,2060,2075
208860,엔지스테크널러지,156,22609,107,4745,4800
183490,엔지켐생명과학,3418,90909,5275,58400,57400
085310,엔케이,246,96842,123,1260,1285
182400,엔케이맥스,584,76974,805,10450,10600
009810,엔케이물산,1569,1173924,911,780,782
206400,엔터메이트,240,163078,119,737,708
069410,엔텔스,123,5962,72,12050,12200
048830,엔피케이,216,116671,217,1860,1870
096870,엘디티,283,7081,19,2700,2685
900140,엘브이엠씨홀딩스,728,224917,885,3970,3850
061970,엘비세미콘,9308,1732143,14565,8350,8590
138690,엘아이에스,210,41859,550,13200,13250
290650,엘앤씨바이오,1139,44574,1041,23200,23650
066970,엘앤에프,4606,195274,4313,21950,22450
073110,엘엠에스,8056,531535,11096,20950,19850
083310,엘오티베큠,506,87672,748,8570,8570
037950,엘컴텍,436,132691,208,1580,1575
170920,엘티씨,1576,150110,2051,13600,14000
058630,엠게임,948,115510,393,3435,3400
097520,엠씨넥스,3991,384858,9486,24650,24900
179290,엠아이텍,1160,202808,979,4825,4840
009780,엠에스씨,87,2599,14,5360,5410
123040,엠에스오토텍,19345,2884698,17183,6070,5640
032790,엠젠플러스,1072,134212,702,5150,5360
033160,엠케이전자,350,31867,254,7980,8020
259630,엠플러스,244,14731,238,16350,16400
115960,연우,696,26038,608,23350,23450
090740,연이정보통신,581,90547,601,6650,6610
014440,영보화학,77,9741,33,3425,3430
007530,영신금속,574,91601,171,1870,1870
143540,영우디에스피,708,437369,717,1645,1650
111770,영원무역,11834,135564,4848,35850,34650
009970,영원무역홀딩스,588,4376,232,52200,51900
036180,영인프런티어,1522,356695,3238,9150,9200
003520,영진약품,4865,770394,3989,5120,5230
000670,영풍,283,619,366,591000,585000
036560,영풍정밀,281,17516,146,8400,8390
006740,영풍제지,174,5980,18,2985,3015
012280,영화금속,347,115042,159,1390,1395
265560,영화테크,399,23470,268,11450,11500
012160,영흥철강,167,86494,95,1100,1095
036000,예림당,286,61810,248,4020,4020
250930,예선테크,641,155326,426,2775,2810
053280,예스24,202,31064,209,6690,6850
015360,예스코홀딩스,88,1295,49,37950,38550
122640,예스티,5334,376371,3890,10250,10900
900300,오가닉티코스메틱,477,179322,329,1850,1845
045060,오공,909,222031,792,3550,3555
080520,오디텍,3489,416705,2120,5050,4940
007310,오뚜기,690,2027,1178,579000,579000
079440,오렌지라이프,8454,394971,11024,28000,27050
039830,오로라,353,34746,392,11350,11250
046120,오르비텍,500,119254,507,4245,4300
014940,오리엔탈정공,186,65370,53,820,820
002630,오리엔트바이오,652,499781,216,431,435
065500,오리엔트정공,6709,3568493,1407,390,378
271560,오리온,6654,100383,10167,101500,103500
001800,오리온홀딩스,1903,51892,867,16600,16450
010470,오리콤,87,5252,26,4950,4980
053980,오상자이엘,85,4574,34,7390,7390
052420,오성첨단소재,86400,45508560,130153,2915,2615
241790,오션브릿지,838,42666,439,10300,10500
039200,오스코텍,1750,164618,3339,20200,20450
226400,오스테오닉,93,10581,36,3370,3375
031510,오스템,360,58658,128,2180,2185
048260,오스템임플란트,19241,1964920,72213,35400,40650
138080,오이솔루션,2525,142054,7158,50000,50300
080580,오킨스전자,627,34983,129,3740,3710
067170,오텍,3414,715772,8698,12300,11650
173130,오파스넷,146,14439,95,6640,6640
049480,오픈베이스,19135,1748984,5633,3165,3180
244460,올리패스,7254,742152,15064,20450,20200
226950,올릭스,4288,182753,6792,36300,37600
057540,옴니시스템,379,78772,135,1710,1715
057680,옴니텔,554,213081,330,1550,1490
082210,옵트론텍,1199,221852,1291,5830,5910
109080,옵티시스,1450,61638,447,7350,7130
153710,옵티팜,391,73228,709,9650,9850
057030,와이비엠넷,9007,1178276,5232,4475,4360
122990,와이솔,4476,266804,3894,14600,14650
232140,와이아이케이,293,153698,427,2780,2790
067900,와이엔텍,992,75142,569,7590,7670
155650,와이엠씨,428,71000,280,3980,4035
251370,와이엠티,8707,353281,11844,34400,30200
066430,와이오엠,1072,337236,4036,12050,11550
193250,와이제이엠게임즈,2549,653071,1168,1795,1780
019210,와이지-원,1024,41562,323,7770,7790
122870,와이지엔터테인먼트,5246,220789,5569,25250,25800
079000,와토스코리아,37,968,5,5630,5600
070960,용평리조트,1141,212002,1426,6710,6840
114630,우노앤컴퍼니,1422,137206,576,4065,4040
316140,우리금융지주,5696,2133739,25879,12100,11800
032820,우리기술,728,437676,400,911,913
041190,우리기술투자,2667,1156878,3243,2840,2785
115440,우리넷,732,88983,931,10300,10600
004720,우리들제약,299,33378,211,6260,6430
118000,우리들휴브레인,1304,339137,960,2810,2805
046970,우리로,830,152786,360,2370,2350
082850,우리바이오,161,57584,54,921,940
215360,우리산업,939,50006,1054,20900,21650
072470,우리산업홀딩스,65,5879,18,3000,3035
073560,우리손에프앤지,2328,923105,1964,2120,2145
153490,우리이앤엘,282,28442,20,713,720
037400,우리조명,56,39079,37,957,961
010050,우리종금,1666,749864,504,670,675
101170,우림기계,196,24537,90,3650,3680
006980,우성사료,1697,516417,1715,3305,3360
066590,우수AMS,378,134116,433,3255,3235
017370,우신시스템,96,2205,10,4580,4600
046940,우원개발,372,65278,249,3810,3845
215380,우정바이오,954,185465,1007,5380,5520
065680,우주일렉트로,208,8857,71,8030,8090
105840,우진,634,153877,775,5030,5040
018620,우진비앤지,27664,1649515,5463,3250,3405
010400,우진아이엔에스,114,9678,82,8480,8480
049800,우진플라임,117,4866,18,3740,3740
016880,웅진,13492,5914655,10251,1685,1740
095720,웅진씽크빅,10780,3895874,11405,2945,2940
021240,웅진코웨이,12159,323630,28205,86900,84300
005820,원림,28,666,12,17950,17900
032940,원익,277,86805,330,3795,3820
240810,원익IPS,7645,326286,10218,31400,31250
074600,원익QnC,4287,402042,5067,12600,13100
104830,원익머트리얼즈,2310,92254,2505,27100,27000
014190,원익큐브,676,313347,703,2240,2240
030530,원익홀딩스,665,107130,474,4385,4500
012620,원일특강,19,79,1,8890,8870
008370,원풍,43,6545,24,3675,3680
008290,원풍물산,22,549984,2886,5180,5540
101160,월덱스,968,176802,1219,6860,6990
095270,웨이브일렉트로,263,17182,372,21650,21650
010600,웰바이오텍,587,190432,480,2525,2510
065950,웰크론,2055,582703,2101,3585,3595
114190,웰크론강원,232,70113,135,1910,1910
076080,웰크론한텍,126,24716,48,1965,1980
196700,웹스,177,45660,95,2105,2115
069080,웹젠,1167,95625,1626,17000,17100
053580,웹케시,3824,54560,2562,46500,47950
071460,위니아딤채,619,190928,565,2945,2920
044340,위닉스,8168,958564,24537,25900,24750
112040,위메이드,1728,64457,1789,27550,27450
038620,위즈코프,218,82149,93,1135,1145
299900,위지윅스튜디오,1662,178774,3098,17550,16750
036090,위지트,296,148336,146,987,980
136540,윈스,2311,111039,1551,14050,14150
097800,윈팩,365,226295,383,1690,1730
192390,윈하이텍,105,19591,72,3660,3680
313760,윌링스,36744,4478609,68188,15050,12450
008600,윌비스,1567,508402,572,1140,1125
900340,윙입푸드,1636,575377,1210,2110,2150
033270,유나이티드제약,966,33743,677,20250,19850
014830,유니드,1647,11804,556,46900,47250
215090,유니맥스글로벌,1488,456959,921,1990,2055
036200,유니셈,3356,307983,1468,4735,4735
018000,유니슨,338,144538,123,848,852
000910,유니온,3376,681433,3262,4845,4710
047400,유니온머티리얼,1913,857889,2325,2725,2670
203450,유니온커뮤니티,234,29852,82,2760,2695
011330,유니켐,1176,320127,626,1970,1960
077500,유니퀘스트,579,93659,627,6700,6740
011320,유니크,10159,697900,4645,6640,6550
086390,유니테스트,1405,167979,2518,14950,15150
241690,유니테크노,130,12456,135,10750,11000
142210,유니트론텍,671,90070,515,5770,5570
048430,유라테크,199,15307,84,5450,5470
206650,유바이오로직스,743,99574,636,6440,6330
089850,유비벨록스,387,39071,324,8200,8450
032620,유비케어,764,79227,421,5270,5330
264450,유비쿼스,1062,41150,1382,33300,33350
078070,유비쿼스홀딩스,1749,112824,2964,26250,25250
002920,유성기업,106,20872,58,2760,2765
024800,유성티엔에스,143,29521,90,3045,3080
000700,유수홀딩스,169,8967,65,7180,7210
054930,유신,283,17722,382,21650,21850
069330,유아이디,56,16024,19,1190,1210
049520,유아이엘,157,13559,71,5210,5210
287410,유안타제3호스팩,2,10000,21,2100,2100
313750,유안타제4호스팩,74,2659,6,2090,2090
003470,유안타증권,932,105836,279,2640,2660
003475,유안타증권우,27,3849,8,1970,1970
056090,유앤아이,317,23329,160,6970,6680
011690,유양디앤유,1213,274651,1633,5900,5980
263770,유에스티,197,36331,153,4220,4250
072130,유엔젤,200,26097,93,3550,3610
000220,유유제약,279,34189,377,11150,11100
000225,유유제약1우,156,11686,82,6980,6880
000227,유유제약2우B,94,1473,28,19400,19550
195990,유지인트,6212,1854162,2590,1420,1370
023410,유진기업,1459,340150,1643,4800,4890
056080,유진로봇,253,52477,146,2790,2835
321260,유진스팩4호,35,17981,38,2090,2100
331380,유진스팩5호,20,11194,23,2045,2045
084370,유진테크,6132,295456,4596,15400,15250
001200,유진투자증권,366,116281,250,2160,2180
178780,유테크,2251,860665,2107,2500,2510
179900,유티아이,3743,730206,14319,19050,21300
263050,유틸렉스,1256,66777,3904,59000,59300
000100,유한양행,3716,30212,6853,224500,229000
000105,유한양행우,8,25,5,203000,204500
003460,유화증권,40,2112,26,12200,12250
003465,유화증권우,35,235,3,13300,13300
191410,육일씨엔에쓰,68,7887,22,2725,2765
008730,율촌화학,792,25289,356,14000,14050
072770,율호,2150,807285,1062,1315,1250
008250,이건산업,226,17785,144,8070,8140
039020,이건홀딩스,116,26634,72,2720,2725
025820,이구산업,161,57958,94,1635,1640
060230,이그잭스,180,78676,107,1345,1370
067920,이글루시큐리티,156,4382,19,4450,4460
044960,이글벳,4446,484355,3337,6890,7020
302430,이노메트리,1067,24633,749,30000,30300
214320,이노션,6104,55032,3779,68000,67800
073490,이노와이어리스,2741,167023,5883,35450,35000
215790,이노인스트루먼트,212,31707,125,3935,3985
246960,이노테라피,1954,207226,2641,12850,13300
088390,이녹스,107,5482,34,6190,6220
272290,이녹스첨단소재,5340,128793,7419,57800,58700
053350,이니텍,1054,189717,1004,5360,5290
258610,이더블유케이,1344,199037,1440,7140,7740
041520,이라이콤,198,22333,112,5000,4995
054210,이랜텍,23578,1979461,11917,5950,5930
065440,이루온,545,250557,341,1360,1375
088260,이리츠코크렙,610,179028,1252,7020,6960
139480,이마트,11069,260313,31318,119000,122500
115610,이미지스,261,9835,28,2895,2900
323210,이베스트이안스팩1호,41,24598,51,2070,2070
078020,이베스트투자증권,1221,172570,949,5530,5490
080010,이상네트웍스,84,4089,31,7780,7660
086890,이수앱지스,725,131128,904,6760,6980
007660,이수페타시스,2250,346877,1514,4350,4370
005950,이수화학,4769,263722,3010,11400,11750
015020,이스타코,68,55278,33,605,602
047560,이스트소프트,364,27640,202,7300,7230
067010,이씨에스,16,1803,8,4190,4200
093230,이아이디,2792,7741257,2086,268,275
223310,이에스브이,3510,7871324,1498,183,176
052190,이에스에이,103021,15709501,50421,3370,3120
226360,이엑스티,67178,1083763,4396,4020,4035
102710,이엔에프테크놀로지,4998,476233,10950,24050,22400
063760,이엘피,184,27195,276,10100,10200
123570,이엠넷,144,30204,87,2880,2890
095190,이엠코리아,1382,280618,1328,4695,4700
091120,이엠텍,3365,187843,1716,9150,8830
102460,이연제약,6733,568233,8995,15000,15400
039030,이오테크닉스,2567,92933,9045,98900,96600
088290,이원컴포텍,1279,429667,1966,4650,4560
084680,이월드,13683,1823217,6362,3440,3470
181340,이즈미디어,1244,150469,890,5880,5790
035810,이지바이오,11811,2595201,13845,5210,5200
090850,이지웰페어,553,23927,225,9450,9500
099750,이지케어텍,466,31561,500,15900,15900
092130,이크레더블,181,6400,118,18500,18500
016250,이테크건설,227,2300,165,71900,72200
096040,이트론,73414,12588960,3740,289,303
134060,이퓨쳐,350,32376,205,6410,6510
001840,이화공영,461,68286,362,5290,5350
000760,이화산업,27,206,3,15300,15150
024810,이화전기,1519,6092313,1411,231,236
014990,인디에프,2109,852327,2584,3015,3110
041830,인바디,1378,51147,1206,23400,23500
079950,인베니아,902,205468,543,2660,2660
277410,인산가,156,69198,114,1640,1650
060150,인선이엔티,1563,144271,1065,7390,7480
033230,인성정보,426,34925,81,2370,2370
006490,인스코비,36398,7437048,25191,3310,3270
037330,인지디스플레,6061,560833,1189,2140,2125
023800,인지컨트롤스,318,56268,288,5190,5200
034590,인천도시가스,38,1737,51,29200,29200
083640,인콘,4657,3678321,6820,1860,1905
216050,인크로스,384,21193,454,21500,21250
049070,인탑스,1748,76994,941,12150,12350
119610,인터로조,2396,54469,1449,26500,26950
017250,인터엠,345,53612,135,2520,2540
129260,인터지스,162,40366,87,2140,2105
108790,인터파크,208,32710,178,5440,5440
035080,인터파크홀딩스,680,215083,491,2275,2310
051370,인터플렉스,1200,188750,2436,12800,12950
064290,인텍플러스,265,25255,128,5100,5100
189300,인텔리안테크,2689,109350,4053,37250,37450
150840,인트로메딕,11201,2714412,11759,4175,4100
048530,인트론바이오,2853,484218,6219,12500,12950
023810,인팩,371,5325,20,3715,3710
175140,인포마크,115,3347,42,12800,12450
115310,인포바인,34,631,13,20900,20950
039290,인포뱅크,264,27976,172,6150,6240
041020,인프라웨어,337,66041,82,1245,1230
071200,인피니트헬스케어,265,39398,230,5870,5820
101930,인화정공,165,14324,78,5510,5350
249420,일동제약,787,17819,292,16450,16400
000230,일동홀딩스,123,4589,50,10750,10800
013360,일성건설,440,249090,317,1285,1305
003120,일성신약,81,791,66,83700,83500
068330,일신바이오,512,292159,515,1765,1775
003200,일신방직,550,3025,224,74300,74500
007110,일신석재,9131,1390213,4120,2935,3010
058450,일야,233,42354,58,1395,1375
007570,일양약품,832,23480,504,21300,21350
007575,일양약품우,45,1547,26,16850,16800
008500,일정실업,6,44,1,18850,18600
019540,일지테크,27767,2502805,12149,4875,4595
081000,일진다이아,5518,160506,5072,31300,31650
020760,일진디스플,288,29575,109,3685,3700
020150,일진머티리얼즈,6095,280181,10284,36550,37450
103590,일진전기,210,22448,70,3130,3170
094820,일진파워,615,29829,170,5690,5760
015860,일진홀딩스,1835,177138,870,4900,4995
226320,잇츠한불,638,9995,198,19850,19950
950140,잉글우드랩,92,12447,63,5090,5110
049550,잉크테크,1867,270274,1196,4375,4235
043910,자연과환경,1460,1249290,1373,1095,1115
234920,자이글,5435,678348,5670,8300,8250
033240,자화전자,1959,100233,997,9920,10100
174880,장원테크,1084,379931,960,2505,2565
049630,재영솔루텍,343,357988,392,1095,1120
000950,전방,39,96,2,16600,16350
110020,전진바이오팜,603,43957,383,8690,8930
065530,전파기지국,3582,710925,2972,4150,4200
208140,정다운,1263,396041,1135,2825,2890
022220,정산애강,201,55081,114,2085,2070
040420,정상제이엘에스,136,4911,38,7720,7720
045510,정원엔시스,66,10056,14,1420,1420
065620,제낙스,20380,2535874,10437,4120,3565
217190,제너셈,503,90262,246,2760,2745
095700,제넥신,5191,380721,22139,58200,57300
072520,제넨바이오,31435,496763,931,1870,1900
122310,제노레이,1631,68503,1384,20300,19850
187420,제노포커스,1032,152173,860,5570,5780
123330,제닉,207,16172,84,5180,5220
159580,제로투세븐,1889,81779,861,10400,10900
147830,제룡산업,166,21236,121,5700,5770
033100,제룡전기,401,53091,341,6380,6540
079370,제우스,429,18415,224,12150,12300
054950,제이브이엠,732,13951,465,33800,34450
096690,제이스테판,497,158931,336,2110,2160
090470,제이스텍,2176,217795,2827,12950,12750
137950,제이씨케미칼,11970,2039587,13193,6520,6300
033320,제이씨현시스템,3423,465683,2178,4640,4585
194370,제이에스코퍼레이션,242,7911,113,14350,14350
026040,제이에스티나,258,38281,209,5430,5560
126880,제이엔케이히터,5458,692470,3996,5690,5790
033050,제이엠아이,357,316265,382,1195,1225
094970,제이엠티,714,159740,757,4740,4750
058420,제이웨이,333,72466,75,1075,1075
025620,제이준코스메틱,1005,101652,436,4280,4300
036420,제이콘텐트리,8940,628755,21665,34000,34550
089790,제이티,1607,261056,1226,4680,4650
030000,제일기획,4973,221586,5588,25200,25300
052670,제일바이오,10764,1707152,8923,5140,5360
271980,제일약품,654,21145,710,33400,33600
001560,제일연마,66,5819,37,6390,6340
023440,제일제강,931,141136,296,2140,2070
038010,제일테크노스,80,10228,41,3985,4045
002620,제일파마홀딩스,444,20661,364,17850,17300
080220,제주반도체,262,66714,217,3270,3285
006220,제주은행,477,24787,104,4200,4230
089590,제주항공,5040,103456,2654,25550,25500
082270,젬백스,4112,493325,8008,16050,16000
041590,젬백스지오,381,135341,145,1080,1075
044060,조광ILI,1035,377254,2661,7010,7160
004910,조광페인트,228,6813,43,6220,6290
004700,조광피혁,72,731,28,38100,38000
001550,조비,236,20518,370,18000,18400
000480,조선내화,356,1289,110,85400,85900
120030,조선선재,95,374,31,81800,82900
034940,조아제약,374,92692,359,3850,3865
101730,조이맥스,103,4709,23,4960,4940
067000,조이시티,84,4450,35,7670,7970
018470,조일알미늄,127,34576,25,739,742
002600,조흥,35,122,18,151500,154000
185750,종근당,1763,13840,1242,89200,89200
063160,종근당바이오,917,30595,914,29900,30150
001630,종근당홀딩스,2767,20522,1831,89100,90100
033340,좋은사람들,1792,712175,2696,3760,3860
036930,주성엔지니어링,1973,441352,3228,7290,7430
044380,주연테크,1668,1229476,489,396,389
239340,줌인터넷,23552,1682433,9858,5920,5680
072020,중앙백신,687,108850,2046,18700,19050
000440,중앙에너비스,460,15655,106,6850,6750
054180,중앙오션,216,119036,228,1925,1915
228760,지노믹트리,1193,93637,1584,16950,17150
043610,지니뮤직,284,51836,193,3730,3755
263860,지니언스,75,10505,51,4940,4935
303030,지니틱스,1737,357227,928,2565,2650
114570,지스마트글로벌,1246,1369595,684,499,503
051160,지어소프트,374,48485,279,5730,5810
053050,지에스이,89,37212,53,1445,1445
119850,지엔씨에너지,287,54682,239,4410,4325
065060,지엔코,495,306913,330,1080,1085
204840,지엘팜텍,1153,367573,507,1375,1415
013870,지엠비코리아,645,58952,313,5330,5280
018290,지엠피,1028,297407,2756,9400,9110
071320,지역난방공사,216,2489,125,50300,50300
010580,지코,920,419011,360,861,863
035000,지투알,274,5040,35,6960,6970
115450,지트리비앤티,2040,231564,5096,21600,22300
219750,지티지웰니스,741,128031,463,3615,3560
088790,진도,261,5466,21,3850,3920
018120,진로발효,45,1178,36,30450,30400
109820,진매트릭스,429,18360,46,2535,2520
086060,진바이오텍,2434,429178,2255,5200,5420
036890,진성티이씨,324,13443,97,7200,7240
003780,진양산업,277,67373,231,3445,3490
007370,진양제약,109,8845,30,3430,3410
010640,진양폴리,271,93615,246,2645,2590
100250,진양홀딩스,103,15577,39,2485,2500
051630,진양화학,903,115917,579,4980,4990
272450,진에어,2044,98181,1552,16000,15700
011000,진원생명과학,327,52609,222,4235,4250
002780,진흥기업,178,19203,38,1985,1975
002787,진흥기업2우B,96,3229,40,12600,12900
002785,진흥기업우B,133,1699,8,5000,5040
085660,차바이오텍,3669,591800,9078,15150,15200
009310,참엔지니어링,226,96037,100,1040,1060
094850,참좋은여행,310,18408,111,6000,5990
004650,창해에탄올,157,15806,201,12700,12800
278280,천보,1949,45532,2927,64000,65500
000650,천일고속,43,212,15,71200,71600
096240,청담러닝,237,26056,485,18650,18550
013720,청보산업,126,30590,72,2355,2375
012600,청호컴넷,102,14057,42,2995,2990
066360,체리부로,8315,824788,2312,2770,2900
033250,체시스,3260,801551,3142,3905,4115
047820,초록뱀,1798,1478081,2149,1445,1450
094360,칩스앤미디어,696,57969,555,9550,9520
001140,카리스국보,1944,400894,1705,4230,4275
016920,카스,221,111348,192,1740,1720
035720,카카오,18631,617540,80401,130500,132000
042000,카페24,1984,45801,2949,63700,63800
006380,카프로,342,43202,151,3475,3495
071850,캐스텍코리아,115,10850,32,2935,2935
050110,캠시스,5970,2538442,6936,2690,2845
900310,컬러레이,1542,677874,1300,1910,1930
078340,컴투스,3149,40276,3635,90600,91300
307930,컴퍼니케이,1675,168161,1352,8160,7980
263700,케어랩스,203,16935,221,12950,12850
221980,케이디켐,33,3320,40,12200,12250
043290,케이맥,376,21691,254,11650,12000
317030,케이비17호스팩,3,265,1,2085,2085
001620,케이비아이동국실업,124,23567,18,771,776
258790,케이비제11호스팩,52,35317,76,2145,2150
323940,케이비제18호스팩,33,10585,22,2070,2065
330990,케이비제19호스팩,43,8438,17,2040,2050
192250,케이사인,2283,976868,1233,1275,1255
029460,케이씨,452,21467,304,14150,14100
115500,케이씨에스,167,26285,108,4115,4130
281820,케이씨텍,3845,136120,2648,19850,19350
089150,케이씨티,226,33603,75,2240,2230
025880,케이씨피드,580,215881,522,2430,2445
093320,케이아이엔엑스,1029,57559,1711,29550,30450
060900,케이알피앤이,237,59820,47,787,788
073010,케이에스피,46,3678,6,1640,1640
105330,케이엔더블유,61,6988,37,5250,5350
039420,케이엘넷,284,60452,145,2385,2410
083550,케이엠,534,93144,719,7670,7700
032500,케이엠더블유,11894,633903,44877,70500,69300
225430,케이엠제약,463,189211,445,2295,2340
145270,케이탑리츠,2428,626645,580,928,920
064820,케이프,799,93267,197,2135,2115
256940,케이피에스,684,47623,822,17600,17600
024880,케이피에프,415,52064,259,5010,4970
042040,케이피엠테크,858,785481,797,1020,1040
054410,케이피티유,9,168,1,4310,4290
217600,켐온,505,381172,587,1540,1550
089010,켐트로닉스,8856,1684274,21610,12850,12100
220260,켐트로스,3242,1004506,3621,3650,3630
052400,코나아이,2993,571945,9734,17350,16500
033110,코너스톤네트웍스,20682,4572037,6199,1315,1340
094860,코닉글로리,478,261736,176,664,672
047770,코데즈컴바인,761,151005,461,3070,3060
224060,코디엠,5193,5010663,2774,555,530
078650,코렌,306,102834,156,1505,1535
027050,코리아나,1045,186540,671,3590,3590
007815,코리아써우,12,656,2,2895,2840
007810,코리아써키트,4523,425119,2981,7110,6810
00781K,코리아써키트2우B,9,58,0,4420,4205
101670,코리아에스이,285,89434,117,1305,1265
123410,코리아에프티,6863,1634860,5276,3180,3245
152330,코리아오토글라스,2595,32134,547,16800,16900
003690,코리안리,3174,299593,2321,7740,7930
036690,코맥스,361,50902,197,3890,3895
049430,코메론,184,45770,368,8050,8040
183300,코미코,340,7702,195,25200,25750
041960,코미팜,2051,199045,2612,12950,13300
089890,코세스,758,15797,117,7450,7440
009730,코센,5039,785402,1154,1480,1465
192820,코스맥스,4087,90262,6554,72100,71800
044820,코스맥스비티아이,306,17187,236,13850,13950
222040,코스맥스엔비티,5081,205819,1470,7130,6930
241710,코스메카코리아,506,20161,277,13650,13700
005070,코스모신소재,1610,160135,1363,8430,8590
005420,코스모화학,2365,150103,930,6140,6290
069110,코스온,569,95318,650,6840,7000
071950,코아스,272,102592,141,1380,1410
166480,코아스템,379,29127,278,9480,9500
045970,코아시아,296,17354,108,6250,6160
029960,코엔텍,2121,136045,1393,10250,10300
002020,코오롱,847,93993,1653,17500,17850
003070,코오롱글로벌,389,11712,107,9060,9160
003075,코오롱글로벌우,34,829,14,16950,17050
144620,코오롱머티리얼,259,37551,53,1430,1430
102940,코오롱생명과학,7938,853266,22108,25300,27150
002025,코오롱우,388,27733,308,11050,11300
120110,코오롱인더,6794,112766,5094,44950,44550
120115,코오롱인더우,49,1854,39,21100,20900
138490,코오롱플라스틱,228,31141,152,4870,4850
033290,코웰패션,1896,146073,888,6020,6050
056360,코위버,642,84425,736,8770,8550
282880,코윈테크,984,49605,1250,25150,25050
121850,코이즈,1732,677273,933,1430,1375
015710,코콤,222,25906,175,6730,6840
052330,코텍,244,13010,164,12600,12600
126600,코프라,713,211691,684,3205,3155
200130,콜마비앤에이치,2962,70526,1856,26300,26200
031820,콤텍시스템,477,279051,357,1285,1280
192400,쿠쿠홀딩스,1320,4368,494,112000,114000
284740,쿠쿠홈시스,1284,5096,203,39550,39950
060280,큐렉소,1975,531130,3191,5870,6170
015590,큐로,373,304949,270,888,894
040350,큐로컴,507,281006,317,1145,1150
051780,큐로홀딩스,151,140894,73,515,514
115180,큐리언트,1166,37406,881,23400,24000
182360,큐브엔터,362,115231,293,2530,2570
066310,큐에스아이,2216,419446,4443,10300,11750
016600,큐캐피탈,211,125517,66,526,529
264900,크라운제과,178,7490,64,8580,8620
26490K,크라운제과우,55,1445,12,8020,7990
005740,크라운해태홀딩스,180,16010,168,10500,10600
005745,크라운해태홀딩스우,60,2241,30,13300,13450
114120,크루셜텍,5618,5193879,5484,1025,1010
110790,크리스에프앤씨,208,3016,61,20300,20250
083790,크리스탈,1560,224453,3145,13900,14100
900250,크리스탈신소재,20976,9651852,21494,2225,2120
045520,크린앤사이언스,6102,366480,11793,32050,31350
214150,클래시스,2336,186525,2676,14250,14650
237880,클리오,4037,95776,1777,18600,18300
139670,키네마스터,269,16009,171,10600,10500
020120,키다리스튜디오,6805,682447,3179,4705,4335
311270,키움제5호스팩,0,0,0,0,2090
039490,키움증권,6280,57118,3932,68800,67800
054780,키이스트,10428,3023836,8334,2780,2740
219130,타이거일렉,283,26296,131,5000,4980
065130,탑엔지니어링,567,107005,924,8660,8750
015890,태경산업,277,22848,129,5670,5680
006890,태경화학,259,53991,277,5110,5210
023160,태광,1056,60819,648,10550,10750
003240,태광산업,304,401,459,1146000,1130000
011280,태림포장,2601,495148,2483,4990,5030
053620,태양,175,3139,28,8820,8910
004100,태양금속,159,43126,45,1050,1050
004105,태양금속우,50,4481,13,2930,2900
009410,태영건설,3268,179715,2308,12700,13150
009415,태영건설우,264,12524,89,7010,7140
044490,태웅,359,11632,114,9880,9910
001420,태원물산,59,3826,17,4325,4330
007980,태평양물산,596,82041,232,2825,2800
191420,테고사이언스,607,43285,1125,26000,26200
182690,테라셈,9858,3598948,10488,2970,2990
066700,테라젠이텍스,1424,241443,1969,8230,8130
095610,테스,11018,573352,12521,21950,22400
131970,테스나,7523,258683,11611,44450,46550
055490,테이팩스,614,7241,168,23100,23600
089030,테크윙,1038,103527,1223,11850,11750
054450,텔레칩스,2085,121168,1559,12700,13150
091440,텔레필드,285,20656,66,3195,3165
078000,텔코웨어,287,6126,86,14050,14150
200230,텔콘RF제약,2612,766964,4092,5420,5400
214420,토니모리,509,77562,799,10400,10100
215480,토박스코리아,1367,419190,473,1140,1140
051360,토비스,1972,101316,702,6900,6810
045340,토탈소프트,35,9744,27,2790,2800
108230,톱텍,1107,224766,1832,8140,8310
079970,투비소프트,31606,5027264,14290,2730,2590
105550,트루윈,477,48795,248,5130,5100
026150,특수건설,296,55473,283,5190,5140
117730,티로보틱스,310,62200,626,10050,10300
033830,티비씨,1139,560534,745,1330,1315
064760,티씨케이,1959,48779,2741,56200,55100
246710,티앤알바이오팹,1243,193840,2156,11000,11500
131290,티에스이,291,31389,255,8130,8000
019180,티에이치엔,1210,300157,1284,4280,4450
062860,티엘아이,323,25358,122,4870,4800
091810,티웨이항공,662,104864,542,5200,5170
004870,티웨이홀딩스,1102,400037,713,1790,1785
104480,티케이케미칼,1280,737509,1874,2520,2605
081150,티플랙스,371,158591,368,2330,2330
130740,티피씨글로벌,210,39269,101,2605,2545
084730,팅크웨어,256,8981,70,7800,7840
046210,파나진,306,56457,153,2725,2705
034230,파라다이스,6307,604519,11460,18750,18800
033540,파라텍,237,22319,109,4930,4905
043200,파루,616,259792,620,2380,2365
214450,파마리서치프로덕트,447,27194,942,34750,35250
208340,파멥신,1179,82424,3207,38900,38700
005690,파미셀,3101,492709,4189,8400,8570
177830,파버나인,110,27125,106,3920,3910
037070,파세코,6159,884784,8708,9850,9540
150900,파수닷컴,185,10097,40,3975,3950
037030,파워넷,984,212414,1043,4900,4940
047310,파워로직스,2380,482284,4757,9830,10000
170790,파이오링크,81,1718,10,5890,5900
049120,파인디앤씨,328,106889,192,1790,1780
038950,파인디지털,2914,213671,822,3680,3640
106240,파인테크닉스,3548,1604697,3096,1980,1800
131760,파인텍,1986,675669,783,1155,1195
065690,파커스,121,30763,93,3030,3020
140860,파크시스템스,108,7822,301,38700,38900
091700,파트론,4604,823057,9797,11900,12100
038160,팍스넷,20458,1746758,16899,9330,9300
032800,판타지오,263,211616,110,517,519
043090,팜스웰바이오,1484,276042,881,3150,3155
036580,팜스코,1430,152943,771,5010,5100
027710,팜스토리,1866,1120879,1188,1060,1080
225590,패션플랫폼,160,149090,202,1370,1345
054300,팬스타엔터프라이즈,1691,1044278,1131,1070,1105
068050,팬엔터테인먼트,380,67669,283,4180,4270
028670,팬오션,8325,904787,4203,4640,4700
222110,팬젠,259,12352,91,7430,7550
010820,퍼스텍,26490,2395135,5642,2360,2235
016800,퍼시스,134,1087,33,30150,30100
263750,펄어비스,5969,47103,9545,206700,200000
251970,펌텍코리아,1205,87340,1382,15750,16200
001020,페이퍼코리아,250,43214,28,661,654
087010,펩트론,2096,264283,3571,13400,13900
090080,평화산업,398,131769,176,1340,1350
043370,평화정공,1315,52931,515,9670,9880
010770,평화홀딩스,199,15252,64,4140,4245
119500,포메탈,85,22487,62,2725,2775
016670,포비스티앤씨,857,397578,620,1555,1560
058430,포스코강판,40,1547,28,17900,18100
009520,포스코엠텍,1623,351611,1900,5350,5490
047050,포스코인터내셔널,5022,160587,2967,18550,18250
003670,포스코케미칼,9761,749144,32061,43000,44450
189690,포시에스,348,20141,129,6500,6510
256630,포인트엔지니어링,1833,310902,638,2055,2020
141020,포티스,2955,4872847,3056,615,623
290720,푸드나무,1947,67060,1301,19650,19750
005670,푸드웰,147,6743,43,6300,6380
094940,푸른기술,1343,152114,2413,15700,16150
007330,푸른저축은행,110,3451,28,8160,8150
017810,풀무원,1666,47688,438,9130,9180
093380,풍강,2405,276226,954,3435,3480
023900,풍국주정,1336,116707,2229,19050,19050
103140,풍산,2069,46396,1047,22450,22300
005810,풍산홀딩스,123,1067,37,34350,34450
195440,퓨전데이타,30213,77347360,16300,204,288
214270,퓨쳐스트림네트웍스,1240,750761,983,1295,1330
220100,퓨쳐켐,51,3196,39,12100,12250
035200,프럼파스트,97,22357,68,3040,3055
203690,프로스테믹스,1193,253391,1074,4190,4270
053610,프로텍,677,66121,1153,17400,17700
053160,프리엠스,22,4172,25,5920,5930
075130,플랜티넷,253,25748,122,4725,4750
023770,플레이위드,9726,753312,16449,21500,20200
300080,플리토,3756,273556,6230,22800,22950
032580,피델릭스,39706,16277042,26889,1620,1400
051380,피씨디렉트,389,12885,82,6430,6460
241820,피씨엘,280,22809,176,7640,7780
237750,피앤씨테크,116,4447,27,6090,6120
131390,피앤이솔루션,640,47846,467,9780,9890
024850,피에스엠씨,146,95980,94,981,965
319660,피에스케이,4251,380237,6644,17200,18500
031980,피에스케이홀딩스,448,21465,157,7200,7430
002230,피에스텍,907,202854,791,3915,4050
137400,피엔티,1096,223827,1372,6090,6280
128660,피제이메탈,267,63650,156,2455,2495
006140,피제이전자,56,2126,10,4820,4810
087600,픽셀플러스,368,6398,30,4750,4780
057880,필로시스헬스케어,394,187082,284,1540,1500
033180,필룩스,38501,13993107,88509,6170,6590
064800,필링크,21975,13523179,19476,1340,1310
161580,필옵틱스,3329,239582,2034,8400,8650
284620,하나금융11호스팩,8,1842,4,2090,2095
320000,하나금융13호스팩,14,2357,5,2070,2070
086790,하나금융지주,14656,815653,28869,35350,35150
099340,하나니켈1호,318,162418,72,445,445
099350,하나니켈2호,477,169632,201,1200,1180
067310,하나마이크론,10288,2183803,10197,4750,4450
307160,하나머스트제6호스팩,66,27923,59,2150,2135
166090,하나머티리얼즈,2556,251494,4154,16450,16450
293480,하나제약,971,41917,973,23100,23400
039130,하나투어,4646,141879,6675,47000,46450
136480,하림,3179,1441731,4489,3110,3190
003380,하림지주,1187,68588,641,9370,9420
172580,하이골드12호,16,2803,8,2800,2795
153360,하이골드3호,7,4245,8,1800,1800
159650,하이골드8호,18,21082,40,1910,1900
149980,하이로닉,301,31757,150,4700,4845
013030,하이록코리아,457,11186,203,18000,18350
126700,하이비젼시스템,8799,989744,9931,9960,9650
200470,하이셈,1810,250241,1397,5540,5780
071090,하이스틸,153,5986,130,21900,22300
317240,하이제4호스팩,3,10,0,2080,2090
221840,하이즈항공,156,9502,46,4825,4860
106190,하이텍팜,83,2891,35,12250,12250
019490,하이트론,76,4122,15,3650,3765
000080,하이트진로,10732,356790,9323,26150,26100
000087,하이트진로2우B,13,502,9,17050,17000
000140,하이트진로홀딩스,1522,56522,626,10950,11000
000145,하이트진로홀딩스우,356,16317,292,17750,18050
066130,하츠,3012,541424,4010,7360,7290
152550,한국ANKOR유전,10,2331,4,1770,1780
004590,한국가구,140,5630,22,3950,3950
036460,한국가스공사,10245,221994,9126,40900,40300
039340,한국경제TV,398,48116,231,4790,4835
005430,한국공항,52,358,14,39300,39250
071050,한국금융지주,21109,259807,18568,71200,73300
071055,한국금융지주우,498,6953,291,41850,42550
034950,한국기업평가,137,1843,111,60000,60300
010040,한국내화,1295,285364,1429,5000,5030
025540,한국단자,1170,27836,1322,47300,45900
222980,한국맥널티,152,4755,42,8850,8860
318000,한국바이오젠,31372,2743919,25027,8890,8630
004090,한국석유,90,1766,190,109000,109000
025550,한국선재,233,97068,255,2635,2620
002960,한국쉘석유,237,602,203,334500,336500
023890,한국아트라스비엑스,206,1903,102,54000,52900
017890,한국알콜,229,26339,215,8250,8170
080720,한국유니온제약,591,76039,1009,13150,13150
123890,한국자산신탁,1549,55317,187,3380,3400
015760,한국전력,9608,1150777,30229,26300,26050
063570,한국전자금융,481,64185,430,6660,6770
041460,한국전자인증,5109,1093344,4555,4240,4235
006200,한국전자홀딩스,140,18247,13,724,722
101680,한국정밀기계,116,11536,31,2675,2665
039740,한국정보공학,150,28311,89,3150,3210
053300,한국정보인증,2738,303108,1100,3640,3710
025770,한국정보통신,230,18903,159,8370,8430
271740,한국제5호스팩,11,3688,8,2100,2085
281410,한국제6호스팩,0,0,0,0,2100
291210,한국제7호스팩,3,20461,43,2075,2080
310870,한국제8호스팩,0,0,0,0,2140
002300,한국제지,72,989,18,17700,17800
009540,한국조선해양,16565,260173,31999,123000,126000
023350,한국종합기술,183,21193,85,3980,4015
025890,한국주강,145,53189,98,1805,1825
000970,한국주철관,290,27960,298,10750,10900
104700,한국철강,385,33734,159,4710,4715
017960,한국카본,3644,197682,1735,8790,8760
023760,한국캐피탈,162,120564,68,570,569
054040,한국컴퓨터,269,34341,94,2720,2690
050540,한국코퍼레이션,820,196262,498,2550,2585
161890,한국콜마,8005,250162,11291,44900,44150
024720,한국콜마홀딩스,2211,88520,1874,21100,21250
021650,한국큐빅,148,33110,75,2295,2295
161390,한국타이어앤테크놀로지,4595,150929,4875,32350,32300
053590,한국테크놀로지,1048,1199550,1701,1435,1400
000240,한국테크놀로지그룹,1853,45078,646,14200,14550
034830,한국토지신탁,2443,563702,1205,2130,2150
007280,한국특수형강,90,10130,14,1410,1400
168490,한국패러랠,7,11338,25,2230,2230
037230,한국팩키지,218,59829,120,2025,2000
010100,한국프랜지,2690,523824,1187,2255,2225
047810,한국항공우주,4636,209411,8086,38800,38850
123690,한국화장품,531,41564,340,8170,8220
003350,한국화장품제조,843,32692,931,28200,28500
030520,한글과컴퓨터,793,49908,518,10550,10400
052600,한네트,452,83179,255,3090,3085
011500,한농화성,325,28775,117,4020,3955
002390,한독,520,44182,970,21850,21950
256150,한독크린텍,2643,267151,4697,17350,17000
014790,한라,199,49042,151,3060,3090
092460,한라IMS,105,1317,9,6950,6950
060980,한라홀딩스,1203,13041,537,40950,41100
222810,한류AI센터,718,882542,364,403,417
053690,한미글로벌,315,9222,83,9000,9000
042700,한미반도체,1434,75190,517,6910,6830
008930,한미사이언스,4015,140682,5817,40950,40800
128940,한미약품,10441,60368,18502,304500,300000
047080,한빛소프트,331,96778,326,3355,3410
009240,한샘,1745,40744,2416,59000,58700
020000,한섬,4135,162155,4925,30250,29200
003680,한성기업,186,21399,123,5800,5800
105630,한세실업,3164,72664,1413,19350,19450
069640,한세엠케이,304,16625,70,4200,4245
016450,한세예스24홀딩스,729,21745,166,7710,7690
010420,한솔PNS,220,84291,137,1630,1635
009180,한솔로지스틱스,138,16802,22,1285,1285
070300,한솔시큐어,133,19273,104,5480,5400
221610,한솔씨앤피,175,10461,73,7090,6900
070590,한솔인티큐브,87,1986,5,2490,2530
213500,한솔제지,1703,31008,488,15750,15750
014680,한솔케미칼,18251,95915,8620,90700,87700
004710,한솔테크닉스,1881,337998,2365,7060,7180
004150,한솔홀딩스,227,74211,303,4120,4170
025750,한솔홈데코,801,208779,256,1230,1240
226440,한송네오텍,468,286854,395,1370,1390
042520,한스바이오메드,418,26751,599,22450,22650
004960,한신공영,507,9576,151,15800,15750
011700,한신기계,226,78427,133,1700,1715
078350,한양디지텍,111,17415,86,4945,4880
045100,한양이엔지,674,69172,813,11800,11900
001750,한양증권,59,21419,157,7350,7350
001755,한양증권우,6,104,1,8140,8090
018880,한온시스템,8210,850030,10355,12050,11950
009420,한올바이오파마,5010,243701,7929,32100,33000
014130,한익스프레스,245,42329,224,5280,5340
046110,한일네트웍스,138,12858,57,4455,4485
024740,한일단조,674,250003,403,1630,1605
005860,한일사료,1339,852612,1705,1995,2045
300720,한일시멘트,166,998,100,100500,101500
123840,한일진공,291,115700,104,896,903
002220,한일철강,78,1500,3,2185,2185
006390,한일현대시멘트,634,8613,291,33700,34200
003300,한일홀딩스,536,3088,153,49450,49600
007770,한일화학,290,15629,231,14900,14900
051600,한전KPS,3890,61124,2037,33300,33200
052690,한전기술,1192,39271,851,21550,21750
002320,한진,2239,61763,1830,29750,29800
097230,한진중공업,377,65483,291,4450,4480
003480,한진중공업홀딩스,230,8488,23,2740,2760
180640,한진칼,3865,222555,6973,31450,30900
18064K,한진칼우,925,32204,1315,40400,40400
005110,한창,6281,1868672,6435,3400,3520
079170,한창산업,162,19071,111,5840,5810
009460,한창제지,3081,1136523,3576,3170,3130
086960,한컴MDS,437,35406,422,12050,11750
054920,한컴위드,8723,914175,2727,2850,2860
077280,한컴지엠디,276,71141,167,2340,2350
002680,한탑,239,46576,95,2020,2070
066110,한프,1005,304423,259,857,838
000880,한화,2490,101602,2529,24750,25050
00088K,한화3우B,606,10983,152,13900,13850
027390,한화갤러리아타임월드,109,2389,42,17800,17850
088350,한화생명,3634,1465593,3432,2335,2315
000370,한화손해보험,2370,458257,1352,2935,3005
265920,한화수성스팩,9,5763,12,2045,2040
317320,한화에스비아이스팩,393,77257,267,3480,3455
012450,한화에어로스페이스,7253,313504,13167,41800,41300
264290,한화에이스스팩3호,28,29732,62,2080,2090
279410,한화에이스스팩4호,12,5086,11,2080,2075
000885,한화우,1310,41339,1226,29850,30200
009830,한화케미칼,6562,322780,5794,17950,18050
009835,한화케미칼우,105,5370,64,12050,12150
003530,한화투자증권,614,149653,315,2115,2135
003535,한화투자증권우,150,8601,18,2105,2120
220630,해마로푸드서비스,1995,650865,1696,2650,2630
195870,해성디에스,1584,34767,495,14400,14200
034810,해성산업,32,817,8,9580,9600
076610,해성옵틱스,379,202144,355,1745,1765
101530,해태제과식품,307,29529,230,7770,7960
220180,핸디소프트,173,20762,58,2800,2850
143210,핸즈코퍼레이션,84,8930,65,7280,7320
900270,헝셩그룹,1737,1979614,2180,1095,1115
084990,헬릭스미스,40349,2545758,215456,82400,89800
000720,현대건설,16419,492346,21772,44100,45350
267270,현대건설기계,4236,55269,1755,31600,32150
000725,현대건설우,54,471,75,159500,161500
170030,현대공업,544,71595,240,3360,3380
005440,현대그린푸드,2719,77674,893,11450,11400
086280,현대글로비스,4260,47447,7081,149500,150500
064350,현대로템,2318,232534,4324,18400,18750
079430,현대리바트,1170,27093,377,13750,13800
012330,현대모비스,7380,156354,37917,240500,244000
010620,현대미포조선,4947,126454,5608,44300,44850
048410,현대바이오,17070,3860707,58323,15300,14950
069960,현대백화점,2125,22722,1741,76300,77300
004560,현대비앤지스틸,140,4228,39,9100,9200
004565,현대비앤지스틸우,24,236,14,58900,60000
016790,현대사료,248,16843,240,14250,14450
011760,현대상사,1356,25766,472,18250,18550
011200,현대상선,1524,394875,1376,3470,3500
004310,현대약품,26613,4578041,23949,4945,5190
126560,현대에이치씨엔,178,8423,31,3735,3750
017800,현대엘리베이,4693,138578,11159,80100,81700
307950,현대오토에버,2360,68587,3544,51700,53000
011210,현대위아,2147,58271,2627,44900,44800
267260,현대일렉트릭,651,68237,725,10650,10700
004020,현대제철,6616,220109,7986,36300,36400
267250,현대중공업지주,4762,20973,7419,353000,354000
005380,현대차,8727,509079,62657,123000,123000
005387,현대차2우B,4337,73822,5938,80700,81200
005389,현대차3우B,156,721,52,72000,71800
005385,현대차우,1691,24223,1778,73500,73800
001500,현대차증권,762,27370,283,10400,10500
227840,현대코퍼레이션홀딩스,723,68528,833,12100,12350
039010,현대통신,480,13319,110,8270,8170
001450,현대해상,6027,135553,3575,26300,26550
057050,현대홈쇼핑,2219,16294,1416,86300,85900
204990,현성바이탈,6344,2124473,5082,2300,2635
092300,현우산업,199,29839,100,3395,3345
053660,현진소재,824,547374,1046,1875,1870
011080,형지I&C,48,9146,6,617,607
093240,형지엘리트,262,69700,97,1390,1405
003010,혜인,484,89598,450,5010,5040
111110,호전실업,172,5613,83,14700,14600
008770,호텔신라,14134,335087,26077,78100,77800
008775,호텔신라우,381,12858,680,52900,53000
060560,홈센타홀딩스,152,79599,95,1190,1180
064240,홈캐스트,871,137165,674,4915,4965
039610,화성밸브,479,59742,425,7120,7240
002460,화성산업,287,11697,144,12350,12400
013520,화승알앤에이,150,32413,64,1985,2000
241590,화승엔터프라이즈,6214,220172,3474,15800,15500
006060,화승인더,4418,243197,2698,11150,10900
010690,화신,907,150770,571,3750,3900
126640,화신정공,161,115077,133,1160,1155
086250,화신테크,1816,204989,503,2420,2475
204630,화이브라더스코리아,359,30625,78,2560,2560
133820,화인베스틸,885,239912,810,3340,3355
061250,화일약품,196,29534,174,5900,5870
010660,화천기계,10480,2552826,8026,3110,3120
000850,화천기공,127,2086,80,38550,38500
016580,환인제약,1204,78666,1325,17050,16550
032560,황금에스티,359,35171,273,7730,7870
004800,효성,4788,48565,4129,84800,85900
094280,효성ITX,472,34624,415,11850,11750
097870,효성오앤비,126,21301,154,7200,7210
298040,효성중공업,1092,22715,702,30750,30800
298050,효성첨단소재,1778,27353,3519,130000,129500
298020,효성티앤씨,2200,10340,1686,163500,165500
298000,효성화학,1771,12384,2138,175500,173500
093370,후성,6448,964594,8590,8870,8950
050090,휘닉스소재,384,169964,115,670,666
081660,휠라코리아,11837,702965,40594,58200,56200
290270,휴네시온,5903,330677,2020,6050,6000
005870,휴니드,425,80529,583,7170,7240
090710,휴림로봇,1441,1237314,1176,938,963
205470,휴마시스,1149,246447,373,1515,1485
115160,휴맥스,154,12800,69,5360,5380
028080,휴맥스홀딩스,59,9372,31,3270,3360
200670,휴메딕스,137,6769,156,23100,23150
079980,휴비스,1091,22585,137,6080,6090
065510,휴비츠,268,15612,136,8780,8820
005010,휴스틸,50,1579,16,10450,10400
243070,휴온스,723,24577,1142,46250,47200
084110,휴온스글로벌,469,20773,624,29900,30350
145020,휴젤,1951,11661,4385,370000,379100
069260,휴켐스,2464,35702,807,22600,22550
024060,흥구석유,10614,1397223,8488,6080,5990
010240,흥국,422,50718,245,4810,4885
000540,흥국화재,291,18655,59,3160,3175
000547,흥국화재2우B,4,4,0,19450,19450
000545,흥국화재우,69,1490,7,4800,4760
003280,흥아해운,219,127994,53,412,417
037440,희림,151,5622,25,4490,4450
238490,힘스,1937,141398,3588,25200,25200