주문번호,종목이름,임시,거래량,거래대금,종가,기준가
060310,3S,647,254455,863,3380,3420
095570,AJ네트웍스,955,50481,212,4220,4235
068400,AJ렌터카,715,145770,1638,11200,11250
006840,AK홀딩스,963,18586,606,32750,31750
054620,APS홀딩스,5573,368765,3710,10000,10450
265520,AP시스템,5940,316610,8758,27400,27200
211270,AP위성,93,6250,42,6720,6660
027410,BGF,1023,78328,475,6080,5940
282330,BGF리테일,1550,12976,2535,195500,192500
138930,BNK금융지주,3863,559931,3952,7080,6910
001460,BYC,163,1512,366,244000,238500
001465,BYC우,40,263,34,130500,128000
001040,CJ,2584,52473,4293,82100,79900
00104K,CJ4우(전환),1079,14455,870,60800,59200
000120,CJ대한통운,3225,26940,3932,145500,145000
011150,CJ씨푸드,3101,860065,2637,3020,3020
011155,CJ씨푸드1우,150,3653,120,32900,32600
001045,CJ우,190,2481,105,42700,41900
097950,CJ제일제당,3440,30673,6742,219000,217000
051500,CJ프레시웨이,3655,18798,478,25350,25100
037560,CJ헬로,833,100431,632,6300,6250
058820,CMG제약,14794,1726279,5047,2900,2880
023460,CNH,25842,897277,1359,1470,1475
065770,CS,334,202261,706,3525,3465
000590,CS홀딩스,19,92,5,57800,57800
012030,DB,1303,482108,372,771,755
322780,DB금융스팩7호,25,24273,51,2085,2080
016610,DB금융투자,435,37801,170,4470,4450
005830,DB손해보험,13645,203098,10919,53200,52000
000990,DB하이텍,4939,300590,5130,17050,17050
000995,DB하이텍1우,192,3448,141,40800,39900
139130,DGB금융지주,4277,638628,4588,7180,7000
001530,DI동일,797,2330,179,76600,76400
068790,DMS,608,111065,587,5370,5180
004840,DRB동일,118,3720,21,5570,5540
241520,DSC인베스트먼트,1288,74535,215,2910,2865
155660,DSR,462,35688,146,4110,4060
069730,DSR제강,624,46636,203,4420,4270
017940,E1,256,4226,209,49750,49200
245620,EDGC,255,54302,319,5880,5820
037370,EG,405,35023,320,9290,8970
007700,F&F,9374,90673,8573,93500,92300
130500,GH신소재,683,46216,129,2830,2760
114090,GKL,1993,103439,2265,21800,21700
900290,GRT,2707,475280,983,2050,2040
078930,GS,5467,67752,3430,50700,49850
083450,GST,278,39379,281,7100,7120
006360,GS건설,6922,280460,8820,31600,30850
001250,GS글로벌,586,139127,331,2395,2340
007070,GS리테일,6796,89227,3655,41000,40700
078935,GS우,117,5912,219,37200,36850
028150,GS홈쇼핑,2844,8680,1313,152000,148800
045890,GV,3183,1824808,4468,2280,2565
078150,HB테크놀러지,4556,1637315,4740,2890,2885
012630,HDC,1840,255151,3095,12300,11750
039570,HDC아이콘트롤스,950,12103,116,9590,9600
089470,HDC현대EP,406,26777,117,4415,4310
294870,HDC현대산업개발,3570,122886,3861,31650,30650
036640,HRS,334,51306,125,2450,2435
082740,HSD엔진,387,89176,295,3370,3210
299170,IBKS제10호스팩,6,2010,4,2145,2135
254120,IBKS제5호스팩,206,70360,141,2000,2040
264850,IBKS제6호스팩,43,15452,31,2040,2030
276920,IBKS제7호스팩,12,15212,32,2155,2130
003560,IHQ,1082,445921,810,1835,1795
095340,ISC,5116,352302,3606,10200,9700
099520,ITX엠투엠,217,68125,95,1395,1415
175330,JB금융지주,3050,301650,1652,5460,5400
950170,JTC,2157,101768,867,8510,8490
234080,JW생명과학,765,31489,676,21400,21250
067290,JW신약,2050,439929,1984,4445,4330
001060,JW중외제약,1052,39295,1092,27700,27300
001067,JW중외제약2우B,80,425,17,39550,39450
001065,JW중외제약우,46,637,16,26050,26000
096760,JW홀딩스,4331,289476,1713,5840,5670
024840,KBI메탈,196,46706,70,1510,1480
105560,KB금융,24432,926236,39804,42800,41950
024120,KB오토시스,46,1744,10,5690,5680
002380,KCC,4238,23793,5174,218500,213000
021320,KCC건설,165,7467,49,6500,6420
036670,KCI,295,30727,292,9530,9350
009070,KCTC,488,48757,143,2960,2895
009440,KC그린홀딩스,513,52825,217,4150,4095
119650,KC코트렐,1136,169659,1168,6900,6800
092220,KEC,601,493819,517,1050,1030
046440,KG모빌리언스,295,64188,390,6080,6050
035600,KG이니시스,3955,116105,1827,15800,15500
001390,KG케미칼,356,10711,122,11450,11300
060720,KH바텍,1736,281223,3140,11150,10900
001940,KISCO홀딩스,145,4537,57,12650,12600
122450,KMH,289,22738,119,5250,5240
052900,KMH하이텍,5982,2508277,2919,1170,1135
058400,KNN,18681,11133818,13287,1180,1145
114450,KPX생명과학,468,41807,167,4015,3950
025000,KPX케미칼,410,1602,86,53900,53200
092230,KPX홀딩스,17,121,7,54100,53900
000040,KR모터스,233,229065,116,503,504
044450,KSS해운,943,62559,452,7220,7090
030200,KT,8535,439272,11878,27000,26900
033780,KT&G,8307,127687,13107,102500,102500
030210,KTB투자증권,324,100268,249,2480,2425
036030,KTH,279,25549,158,6190,6220
058850,KTcs,510,49598,100,2015,2015
058860,KTis,137,33727,75,2225,2225
060370,KT서브마린,345,79000,240,3020,2990
093050,LF,1838,54449,1053,19400,19000
003550,LG,8021,100573,6954,69200,68600
034220,LG디스플레이,8898,1149172,16375,14250,14200
001120,LG상사,3526,126074,1996,15950,15550
051900,LG생활건강,2845,21961,27835,1262000,1272000
051905,LG생활건강우,313,941,692,736000,740000
003555,LG우,158,2105,94,44800,44800
032640,LG유플러스,15239,936899,13116,13900,13900
011070,LG이노텍,4273,104174,12118,115500,116000
066570,LG전자,10620,359155,24889,68900,68800
066575,LG전자우,837,18280,523,28500,28450
108670,LG하우시스,1518,20654,1200,58400,57900
108675,LG하우시스우,211,783,23,28750,28550
051910,LG화학,9705,146102,44408,304000,302500
051915,LG화학우,2189,11634,1936,167000,164500
079550,LIG넥스원,3268,54422,1888,34950,34500
006260,LS,5999,49810,2403,48500,46800
000680,LS네트웍스,201,25883,61,2365,2330
010120,LS산전,4348,38856,1907,49200,48500
229640,LS전선아시아,1026,38890,297,7650,7570
023150,MH에탄올,49,2103,13,6000,5980
219550,MP한강,686,324552,240,740,725
035420,NAVER,19728,246400,38219,156000,156000
160550,NEW,645,72090,284,3930,3930
053290,NE능률,267,36998,118,3200,3235
181710,NHN,4174,41711,2558,61400,61200
104200,NHN벅스,143,7400,44,6010,6010
060250,NHN한국사이버결제,5024,166348,3422,20500,20800
005940,NH투자증권,5497,511159,6458,12600,12400
005945,NH투자증권우,582,33126,300,9030,8950
034310,NICE,1398,25543,488,19100,19100
030190,NICE평가정보,2145,118523,1547,13050,13100
008260,NI스틸,3007,167600,396,2355,2390
004250,NPC,231,10994,44,4045,4070
004255,NPC우,13,1643,4,2300,2305
010060,OCI,7347,142675,10038,69900,69000
024940,PN풍년,88,20163,47,2320,2335
005490,POSCO,17062,230223,53069,229000,225500
218410,RFHIC,19655,1428354,61155,42100,44700
091340,S&K폴리텍,792,110730,710,6390,6450
100840,S&TC,568,18167,309,17100,16850
064960,S&T모티브,9121,78632,3717,47700,48000
003570,S&T중공업,133,5639,34,6020,6000
036530,S&T홀딩스,73,4290,62,14250,14300
010950,S-Oil,12261,127156,13091,102500,101500
010955,S-Oil우,427,5413,330,61000,60500
019550,SBI인베스트먼트,251,177239,116,657,648
950110,SBI핀테크솔루션즈,983,91748,940,10150,10500
034120,SBS,2337,38005,693,18200,18200
101060,SBS미디어홀딩스,101,26255,57,2155,2145
046140,SBS콘텐츠허브,151,14774,89,5970,6000
036120,SCI평가정보,362,125673,272,2170,2150
099220,SDN,6343,2908764,4742,1660,1555
036540,SFA반도체,21822,4149234,12062,2825,2900
255220,SG,561,165263,418,2530,2530
040610,SG&G,310,107840,216,2025,1980
049470,SGA,523,527221,408,786,783
184230,SGA솔루션즈,300,68344,89,1305,1295
004060,SG세계물산,1988,593684,601,1010,1005
001380,SG충방,1966,624801,1273,2045,1965
002360,SH에너지화학,901,863705,915,1065,1080
009160,SIMPAC,1016,178886,659,3635,3650
123700,SJM,29,1183,4,3025,3025
025530,SJM홀딩스,236,6346,19,3065,3070
034730,SK,10746,142234,33078,230500,230500
307070,SK4호스팩,8,8749,18,2090,2095
011790,SKC,10011,134703,5609,41700,40600
178920,SKC코오롱PI,4869,139059,4143,29750,29650
018670,SK가스,799,19429,1479,77100,74400
001740,SK네트웍스,2364,529345,2655,5010,4995
001745,SK네트웍스우,248,4167,375,89300,88800
006120,SK디스커버리,606,18506,411,22200,21750
006125,SK디스커버리우,99,9630,140,14650,14600
210980,SK디앤디,1237,5515,152,27650,27550
036490,SK머티리얼즈,8648,64926,11581,179800,171400
052260,SK바이오랜드,299,54933,759,13700,13700
03473K,SK우,113,1630,239,146500,146000
096770,SK이노베이션,9144,129836,22000,169000,167500
096775,SK이노베이션우,218,3455,409,118500,118000
001510,SK증권,803,733075,449,611,603
001515,SK증권우,260,7680,21,2730,2695
285130,SK케미칼,1941,26633,1247,47150,45450
28513K,SK케미칼우,253,7607,157,20850,20350
017670,SK텔레콤,6226,84857,20150,236500,236500
000660,SK하이닉스,28498,1890106,153494,80500,80000
950180,SNK,178,15413,275,17900,17700
005610,SPC삼립,672,4352,420,96100,96400
011810,STX,285,16130,129,8080,8010
077970,STX엔진,191,27208,204,7600,7590
071970,STX중공업,630,134153,321,2415,2320
289080,SV인베스트먼트,354,190827,331,1750,1705
084870,TBH글로벌,271,43581,124,2840,2825
002710,TCC스틸,344,32943,88,2655,2635
032540,TJ미디어,139,12148,39,3180,3205
048770,TPC,260,24214,125,5140,5100
246690,TS인베스트먼트,90,18416,33,1755,1775
038340,UCI,793,135031,487,3650,3660
073570,WI,229,57500,484,8650,8280
024070,WISCOM,33,2947,8,2635,2620
052300,W홀딩컴퍼니,9159,2889886,1094,381,379
040300,YTN,193,7166,14,1920,1915
051390,YW,58,3553,12,3505,3500
052220,iMBC,191,6233,14,2255,2250
079940,가비아,191,13348,102,7670,7550
078890,가온미디어,4119,428251,4215,9710,10000
000500,가온전선,84,9444,172,18000,18150
000860,강남제비스코,502,4862,108,22200,22300
217730,강스템바이오텍,1335,158499,2273,14100,14300
035250,강원랜드,4610,256017,7725,30200,29750
011420,갤럭시아에스엠,343,74467,138,1850,1855
094480,갤럭시아컴즈,171,30957,94,3060,3010
063080,게임빌,647,15298,441,28950,28700
039240,경남스틸,91,22637,40,1755,1755
002100,경농,1085,131099,1803,13700,13400
009450,경동나비엔,2490,95376,4163,43850,43350
267290,경동도시가스,545,3726,101,27350,26850
012320,경동인베스트,162,4172,146,35300,34200
011040,경동제약,523,18098,138,7630,7620
000050,경방,164,4614,46,10050,10050
214390,경보제약,215,27357,230,8400,8330
012610,경인양행,1556,423903,3394,8020,7950
009140,경인전자,99,1700,34,20150,20100
024910,경창산업,223,64471,89,1390,1390
013580,계룡건설,811,8261,179,21900,21650
012200,계양전기,187,29648,84,2825,2775
012205,계양전기우,140,8506,62,7330,7240
004200,고려개발,446,27379,266,9830,9500
002140,고려산업,4381,1306520,4770,3625,3580
198440,고려시멘트,3299,933438,2819,3010,2985
049720,고려신용정보,878,33535,166,5000,4980
010130,고려아연,3980,14557,6494,447000,443500
002240,고려제강,482,12571,284,22600,21850
014570,고려제약,251,38435,242,6310,6280
098460,고영,3763,41852,3668,88600,86000
038530,골드퍼시픽,456,204666,342,1680,1640
900280,골든센츄리,8525,1242441,568,454,444
215000,골프존,2119,8546,542,63300,64300
121440,골프존뉴딘홀딩스,268,24602,92,3770,3730
009290,광동제약,542,46892,323,6870,6830
014200,광림,225,76124,190,2495,2455
017040,광명전기,550,266043,626,2370,2325
017900,광전자,249,25294,55,2190,2155
037710,광주신세계,147,178,31,174000,176500
026910,광진실업,6949,834285,4351,5060,4910
090150,광진윈텍,274,89453,235,2680,2690
307280,교보8호스팩,0,0,0,0,2170
030610,교보증권,429,22002,208,9410,9250
053270,구영테크,326,128271,205,1605,1580
007690,국도화학,926,6367,307,48150,47450
005320,국동,637,398919,603,1520,1480
066620,국보디자인,80,5551,86,15350,15250
043650,국순당,189,24469,77,3150,3145
006050,국영지앤엠,3272,231923,297,1295,1250
060480,국일신동,2170,507676,3416,6810,6460
078130,국일제지,15649,2941133,14328,4860,4895
002720,국제약품,4611,223540,981,4380,4310
204020,그리티,905,209116,599,2860,2800
083420,그린케미칼,158,13457,46,3390,3400
186230,그린플러스,954,116758,1271,11050,10400
014530,극동유화,625,74652,256,3420,3480
900070,글로벌에스엠,125,47650,33,697,694
204620,글로벌텍스프리,316,43223,147,3425,3360
019660,글로본,277,81374,279,3465,3390
014280,금강공업,669,75984,304,4030,4050
014285,금강공업우,14,838,8,8980,8880
053260,금강철강,2863,207850,741,3480,3485
008870,금비,34,274,17,63300,63400
001570,금양,93,5633,12,2125,2100
002990,금호산업,1101,91254,1074,11850,11800
002995,금호산업우,429,9232,460,49950,48450
011780,금호석유,5873,105143,7493,71200,70900
011785,금호석유우,153,6158,180,29200,29100
214330,금호에이치티,9333,1252169,5718,4560,4050
073240,금호타이어,1042,240294,993,4120,4075
036190,금화피에스시,44,343,10,29600,29550
049080,기가레인,7470,1050750,1766,1700,1670
035460,기산텔레콤,244,62448,161,2600,2570
092440,기신정기,386,17428,62,3550,3580
000270,기아차,20872,1456318,59820,40800,41950
024110,기업은행,9589,967207,12312,12750,12450
013700,까뮤이앤씨,59,40601,49,1215,1215
308100,까스텔바쟉,1157,56140,604,10700,10550
004540,깨끗한나라,531,196921,462,2325,2310
004545,깨끗한나라우,203,7812,138,17750,17450
187790,나노,414,188359,390,2060,2020
074610,나노메딕스,41198,4777377,43807,8930,9160
286750,나노브릭,5567,337317,3847,11200,11500
151910,나노스,348,37099,176,4785,4770
121600,나노신소재,193,16890,253,15000,14950
039860,나노엔텍,718,119531,560,4675,4705
091970,나노캠텍,5744,1435141,3502,2405,2365
051490,나라엠앤디,247,20303,76,3765,3745
190510,나무가,971,37073,1330,35600,35750
242040,나무기술,564,251943,794,3155,3120
089600,나스미디어,3153,31953,973,30250,30100
293580,나우아이비캐피탈,160,3815,16,4220,4180
138610,나이벡,527,44354,310,6900,7020
130580,나이스디앤비,541,15019,119,7920,7840
036800,나이스정보통신,7610,58380,1922,33400,34100
082660,나인컴플렉스,288,61778,145,2340,2420
001260,남광토건,539,74621,926,12500,12100
008350,남선알미늄,52019,33628274,133322,3930,3600
008355,남선알미우,2974,102423,3828,35900,34500
004270,남성,8947,1851642,6204,3400,3160
003920,남양유업,221,320,157,488000,487500
003925,남양유업우,2,2,0,179500,178500
002070,남영비비안,620,45997,725,15750,16100
025860,남해화학,685,51371,453,8830,8660
111710,남화산업,3301,352992,2847,8230,7630
091590,남화토건,307,41522,338,8170,7940
168330,내츄럴엔도텍,644,170229,655,3845,3825
253590,네오셈,305,156328,210,1340,1345
212560,네오오토,831,112508,556,5010,4755
095660,네오위즈,835,69176,1124,16350,16100
042420,네오위즈홀딩스,1070,125298,1926,15350,15650
311390,네오크레마,524,125941,861,6950,6690
085910,네오티스,49,1570,6,3835,3755
092730,네오팜,2957,22681,1095,48450,47500
290660,네오펙트,177,21814,108,4955,4985
153460,네이블,1011,204307,922,4460,4630
007390,네이처셀,6041,937903,7246,7750,7550
033640,네패스,8054,660040,19549,29200,28700
005720,넥센,299,18972,113,6000,5930
005725,넥센우,21,585,2,3460,3460
002350,넥센타이어,2865,91071,775,8500,8580
002355,넥센타이어1우B,35,4268,14,3390,3340
089140,넥스턴,206,13154,110,8370,8310
065170,넥스트BT,311,160471,251,1570,1530
003580,넥스트사이언스,18666,2143412,10566,4845,4680
137940,넥스트아이,625,119974,147,1230,1225
041140,넥슨지티,2271,238544,1749,7380,7110
217270,넵튠,154,22031,164,7460,7370
225570,넷게임즈,644,109073,1168,10650,10450
251270,넷마블,12309,270832,25060,92100,92800
104620,노랑풍선,986,46355,750,16450,15700
090350,노루페인트,302,18802,143,7590,7600
090355,노루페인트우,105,7315,86,12000,11600
000320,노루홀딩스,14,636,7,11750,11700
000325,노루홀딩스우,19,165,3,17800,17700
194700,노바렉스,591,17182,330,19150,19100
285490,노바텍,279,23892,381,16050,16200
006280,녹십자,860,13542,1550,114500,113500
144510,녹십자랩셀,2070,99482,3410,33950,34550
031390,녹십자셀,2914,208008,8414,40000,40550
142280,녹십자엠에스,6050,699107,4499,6360,6690
234690,녹십자웰빙,73526,13038102,166285,12500,11900
005250,녹십자홀딩스,1246,44455,892,20100,19900
005257,녹십자홀딩스2우,2925,129333,2372,17900,20800
004370,농심,3159,12772,3139,247000,243500
072710,농심홀딩스,157,601,53,89000,88500
054050,농우바이오,605,39290,464,11850,11700
040160,누리텔레콤,107,17723,100,5610,5660
069140,누리플랜,215,20391,104,5070,5000
126870,뉴로스,1859,354075,1586,4455,4425
060260,뉴보텍,371,178131,218,1230,1225
012340,뉴인텍,1357,496944,785,1600,1595
214870,뉴지랩,1236,391284,3526,8970,8920
270870,뉴트리,1418,46247,697,15050,14850
144960,뉴파워프라즈마,252,12591,224,17650,17550
900100,뉴프라이드,15328,7107453,9171,1270,1305
085670,뉴프렉스,156,41454,80,1955,1920
119860,다나와,1795,88289,2164,24450,24950
064260,다날,2171,436050,1453,3360,3280
093640,다믈멀티미디어,772,123727,453,3690,3625
039560,다산네트웍스,2092,508659,4334,8500,8370
058730,다스코,181,24850,144,5840,5770
023590,다우기술,2785,58002,1133,19700,19200
032190,다우데이타,296,9076,75,8340,8170
068240,다원시스,643,73034,1089,14850,14800
019680,대교,2890,32862,198,6060,5990
019685,대교우B,17,482,2,4210,4205
006370,대구백화점,343,31461,189,6080,5890
008060,대덕전자,18045,2724861,28723,10750,11000
00806K,대덕전자1우,162,17909,113,6320,6360
000490,대동공업,1811,140113,934,6670,6560
020400,대동금속,38,1087,11,9730,9680
008830,대동기어,108,9241,27,2925,3000
048470,대동스틸,1021,77371,517,6650,6410
008110,대동전자,151,27518,93,3425,3450
004780,대륙제관,141,15367,67,4370,4375
005750,대림B&Co,147,20292,80,3925,3930
000210,대림산업,4988,93349,9024,97300,94200
000215,대림산업우,1034,4153,169,40800,39800
004440,대림씨엔에스,121,7883,57,7220,7200
017650,대림제지,290,94218,127,1345,1315
006570,대림통상,27,92,0,4115,4120
007720,대명코퍼레이션,614,406611,701,1730,1680
317850,대모,4942,250371,2005,7920,7770
290670,대보마그네틱,179,5402,209,38800,38000
078140,대봉엘에스,606,67699,504,7380,7150
001680,대상,2455,54900,1182,21650,21150
001685,대상우,28,1013,13,13000,12850
084690,대상홀딩스,287,17845,121,6830,6690
084695,대상홀딩스우,103,9923,63,6330,6280
036480,대성미생물,508,43250,757,17300,17250
128820,대성산업,220,31268,125,3995,3990
117580,대성에너지,71,9890,53,5370,5320
025440,대성엘텍,1604,1431706,1258,883,866
027830,대성창투,238,52966,75,1435,1400
104040,대성파인텍,778,321156,456,1430,1405
016710,대성홀딩스,230,10229,79,7620,7700
307750,대신밸런스제6호스팩,1,10,0,2095,2100
332290,대신밸런스제7호스팩,76,302792,613,2020,2025
020180,대신정보통신,3666,1987596,2825,1450,1410
003540,대신증권,766,94253,1224,12950,12700
003547,대신증권2우B,102,12107,105,8630,8610
003545,대신증권우,411,39777,373,9380,9330
045390,대아티아이,32431,4701565,27754,5920,5610
009190,대양금속,840,119752,1355,11550,11300
108380,대양전기공업,45,3494,45,12950,12900
006580,대양제지,337,54752,185,3410,3330
014160,대영포장,6889,6435821,7344,1130,1075
047040,대우건설,3336,535698,2485,4645,4545
009320,대우부품,30199,4559202,11507,2545,2435
042660,대우조선해양,2470,156093,4714,30300,29850
003090,대웅,2424,106411,1545,14550,14450
069620,대웅제약,1842,21782,3286,151000,149500
007680,대원,336,11563,132,11350,11300
000430,대원강업,463,10456,39,3730,3700
048910,대원미디어,319,27868,175,6300,6300
005710,대원산업,348,9205,50,5410,5380
006340,대원전선,355,188947,236,1260,1210
006345,대원전선우,122,6076,18,3055,2990
003220,대원제약,415,36825,567,15400,15600
024890,대원화성,96,38277,53,1400,1400
290380,대유,424,56098,685,12300,12000
002880,대유에이텍,284,172267,153,891,892
290120,대유에이피,333,84174,777,9180,9190
000300,대유플러스,316,123231,97,794,772
120240,대정화금,212,39963,543,13700,13550
003310,대주산업,302,137134,180,1325,1295
078600,대주전자재료,1857,93535,1595,17100,17050
012800,대창,1431,771150,924,1205,1185
015230,대창단조,93,1784,47,26350,26400
096350,대창솔루션,1063,1339484,598,449,440
140520,대창스틸,199,38102,103,2710,2675
131220,대한과학,898,85778,457,5280,5230
010170,대한광통신,1789,684216,2693,3940,3920
054670,대한뉴팜,732,160960,1916,11850,11950
001070,대한방직,63,2065,39,19000,19000
023910,대한약품,738,6990,215,30850,30600
006650,대한유화,5958,60743,8044,132000,127000
001440,대한전선,801,555449,314,566,559
084010,대한제강,450,36639,217,6010,5790
001790,대한제당,254,13747,259,18900,18650
001799,대한제당3우B,57,11193,359,31450,31050
001795,대한제당우,31,4243,54,12850,12700
001130,대한제분,470,1359,219,160500,159500
003490,대한항공,22862,1106305,26876,24500,23200
003495,대한항공우,701,40784,653,15950,15600
005880,대한해운,4986,121019,2760,22650,21950
003830,대한화섬,16,124,12,94600,95100
016090,대현,238,52497,124,2375,2375
069460,대호에이엘,580,228598,1203,5200,5220
021040,대호피앤씨,2062,1274106,1346,1055,1050
021045,대호피앤씨우,204,59417,81,1355,1335
067080,대화제약,774,67874,898,13250,12950
192080,더블유게임즈,4354,71894,3873,54300,52900
012510,더존비즈온,2896,45437,2987,65000,65000
213420,덕산네오룩스,7906,509955,11243,22600,21400
317330,덕산테코피아,5184,171324,3345,19750,19350
077360,덕산하이메탈,565,41408,243,5880,5870
004830,덕성,423,65771,200,3055,3005
004835,덕성우,55,4020,15,3760,3710
090410,덕신하우징,188,74225,100,1345,1335
024900,덕양산업,172,53600,59,1100,1085
263600,덕우전자,1897,351765,2039,5900,5500
194480,데브시스터즈,118,4893,36,7300,7440
263800,데이타솔루션,9782,1328070,5178,3630,3850
139050,데일리블록체인,556,226521,133,594,590
206560,덱스터,2593,466411,3456,7430,7590
145720,덴티움,2411,46593,2989,64600,65200
067990,도이치모터스,5529,520064,4099,7840,7780
002150,도화엔지니어링,1282,100502,1029,10250,10000
006620,동구바이오제약,18297,785698,13529,16950,16400
100130,동국S&C,156,47297,94,2005,1975
005160,동국산업,237,50774,123,2435,2395
075970,동국알앤에스,842,125389,323,2605,2520
001230,동국제강,1144,217141,1405,6440,6360
086450,동국제약,1664,18750,1213,64500,63900
023450,동남합성,12,531,13,24300,24250
004140,동방,598,168315,295,1750,1765
099410,동방선기,266,70946,155,2215,2160
007590,동방아그로,93,5908,40,6730,6740
005960,동부건설,1006,27674,235,8610,8300
005965,동부건설우,38,649,12,18900,18100
016380,동부제철,274,19782,193,9700,9790
016385,동부제철우,137,697,54,78200,78100
083370,동북아12호,0,0,0,0,5030
083380,동북아13호,3,5800,29,5000,5090
026960,동서,758,33472,593,17750,17450
002210,동성제약,34697,3992317,75497,18350,18000
102260,동성코퍼레이션,646,29730,160,5410,5280
033500,동성화인텍,4419,288086,3110,10750,10950
005190,동성화학,83,3496,58,16550,16550
025950,동신건설,99,7042,41,5950,5810
000640,동아쏘시오홀딩스,858,7692,660,85300,84000
170900,동아에스티,6504,85937,7444,84200,82200
088130,동아엘텍,219,28814,220,7570,7550
028100,동아지질,2533,135616,2815,20900,20150
282690,동아타이어,10,1023,12,12100,12300
041930,동아화성,494,141562,726,5130,5120
001520,동양,542,164295,238,1455,1430
001527,동양2우B,13,144,1,8960,8850
001529,동양3우B,22,235,6,27200,26800
084670,동양고속,67,1064,29,27450,27000
030790,동양네트웍스,1748,1681187,1474,871,885
002900,동양물산,19180,7155996,6865,935,872
082640,동양생명,443,51572,194,3780,3730
060380,동양에스텍,70,4376,13,2905,2910
001525,동양우,44,12657,81,6410,6700
079960,동양이엔피,588,11087,130,11750,11700
008970,동양철관,1868,979867,1171,1195,1160
228340,동양파일,214,23336,87,3710,3710
092780,동양피스톤,483,52628,239,4555,4545
104460,동양피엔에프,157,28670,281,9910,9720
088910,동우팜투테이블,1532,432930,1873,4270,4355
094170,동운아나텍,324,62279,339,5490,5370
049770,동원F&B,2683,8136,1881,232000,224500
013120,동원개발,3956,129585,577,4415,4405
018500,동원금속,130,71058,62,858,869
006040,동원산업,859,2020,454,224000,223000
030720,동원수산,2898,182943,1690,9120,9250
014820,동원시스템즈,3373,27478,1000,36350,35200
014825,동원시스템즈우,23,568,16,27600,26950
163560,동일고무벨트,40,6447,35,5500,5510
109860,동일금속,35,2431,28,11600,11550
032960,동일기연,145,6684,83,12650,12400
004890,동일산업,49,767,43,56200,56100
002690,동일제강,77,13112,34,2615,2580
023790,동일철강,131,17850,73,4150,3990
005290,동진쎄미켐,9871,1586174,27616,17150,17100
025900,동화기업,673,18958,352,18550,18300
000020,동화약품,220,20512,162,7900,7850
011160,두산건설,344,94844,121,1285,1280
241560,두산밥캣,3429,220146,7124,32450,31650
042670,두산인프라코어,6407,1070053,6666,6260,6010
034020,두산중공업,4608,1038642,6748,6520,6300
016740,두올,343,71802,239,3330,3280
078590,두올산업,15186,4387061,4309,968,964
073190,듀오백,259,62761,158,2510,2615
030350,드래곤플라이,600,96881,330,3430,3450
203650,드림시큐리티,521,161235,502,3130,3085
060570,드림어스컴퍼니,413,44969,235,5240,5120
192650,드림텍,1619,274197,1830,6650,6650
217620,디딤,272,75829,171,2255,2230
187870,디바이스이엔지,287,25064,246,9870,9660
066670,디스플레이텍,125,9636,36,3690,3695
024090,디씨엠,29,589,7,12300,12200
003160,디아이,164,40751,130,3205,3155
092200,디아이씨,323,101407,243,2410,2360
110990,디아이티,239,23496,220,9320,9300
263690,디알젬,13663,666380,5091,7580,7310
214680,디알텍,3251,638239,1014,1595,1545
263720,디앤씨미디어,658,27550,371,13550,13500
109740,디에스케이,668,98006,1194,12150,12150
033430,디에스티,7341,470712,364,776,744
131030,디에이치피코리아,254,41227,302,7370,7360
196490,디에이테크놀로지,2555,899094,1512,1680,1705
066900,디에이피,79,2741,8,2825,2825
127120,디엔에이링크,127,12735,39,3100,3055
092070,디엔에프,836,136464,1258,9260,9160
134580,디엠티,167,12638,31,2545,2460
039840,디오,2343,62916,2699,43000,42250
196450,디오스텍,50411,1100661,811,739,717
013570,디와이,568,35326,170,4835,4750
210540,디와이파워,2506,121462,1214,10100,9620
079810,디이엔티,271,32975,117,3530,3610
227100,디자인,4192,225054,1787,7500,7190
113810,디젠스,3678,158233,83,532,525
043360,디지아이,110,18148,49,2695,2665
197140,디지캡,201,60943,240,3930,3955
106520,디지탈옵틱,548,1038588,691,657,670
068930,디지털대성,596,37168,298,8080,8120
033130,디지틀조선,3198,1260957,2896,2310,2215
033310,디케이디앤아이,1515,254417,752,2890,3075
105740,디케이락,935,146212,1482,10250,9820
263020,디케이앤디,93,12508,82,6480,6480
290550,디케이티,731,147960,1538,10150,10300
007340,디티알오토모티브,404,1831,56,30250,30350
187220,디티앤씨,179,30218,242,8050,7930
026890,디피씨,5549,1118813,6119,5410,5470
131180,딜리,229,28646,52,1810,1810
317120,라닉스,10841,583827,4917,8400,8400
042510,라온시큐어,10299,1538004,4749,3110,2970
050120,라이브플렉스,3406,2354440,2011,857,809
171120,라이온켐텍,242,13447,114,8380,8380
115390,락앤락,1555,71120,859,12050,12100
171010,램테크놀러지,12776,1660425,15483,9160,9500
084650,랩지노믹스,6107,246972,1144,4610,4585
217500,러셀,295,79002,174,2190,2185
033600,럭슬,383,170397,114,659,669
141080,레고켐바이오,833,29654,1426,47900,47800
038390,레드캡투어,443,6203,98,15850,15650
228670,레이,4912,110771,3862,34800,34300
228850,레이언스,116,7847,91,11650,11550
238120,로고스바이오,3814,290761,3819,13250,13000
215100,로보로보,1679,434640,2294,5250,5380
090360,로보스타,281,26424,491,18550,18400
108490,로보티즈,186,23425,270,11450,11500
900260,로스웰,1711,1898412,1260,669,636
067730,로지시스,900,106624,347,3280,3240
071280,로체시스템즈,1412,97452,478,4940,4905
032350,롯데관광개발,4440,226113,2556,11250,11050
000400,롯데손해보험,729,302541,638,2120,2085
023530,롯데쇼핑,4470,93008,11669,125000,124500
004000,롯데정밀화학,2535,42491,1941,45550,44850
286940,롯데정보통신,2804,28509,1277,44700,45400
280360,롯데제과,805,3422,488,142500,143000
004990,롯데지주,3898,126917,4747,37450,36350
00499K,롯데지주우,282,5965,305,50800,49600
005300,롯데칠성,3703,19579,2705,138000,133000
005305,롯데칠성우,34,349,25,71900,71900
011170,롯데케미칼,20215,181601,44762,246500,240000
002270,롯데푸드,278,631,272,431500,429500
071840,롯데하이마트,2529,90052,2722,30450,29250
038060,루멘스,407,189590,384,2050,1990
082800,루미마이크로,427,407209,588,1440,1435
085370,루트로닉,497,31058,260,8400,8340
08537M,루트로닉3우C,3,15,0,11700,11600
060240,룽투코리아,4018,215633,1204,5640,5420
058470,리노공업,1507,27974,1492,53400,52500
039980,리노스,281,109460,145,1325,1315
016100,리더스코스메틱,779,72079,433,6040,5900
197210,리드,12546,4850657,4412,881,881
012700,리드코프,741,111391,639,5770,5650
131100,리켐,1247,320958,1331,4150,4195
277070,린드먼아시아,288,18996,73,3905,3835
042500,링네트,620,124149,557,4485,4485
219420,링크제니시스,2250,406492,3539,8590,8910
027740,마니커,13245,13125059,12154,916,940
195500,마니커에프앤지,7809,759902,10639,13550,14700
305090,마이크로디지탈,402,43669,679,15400,15400
098120,마이크로컨텍솔,231,63200,187,2965,2955
227950,마이크로텍,566,314416,699,2280,2170
147760,마이크로프랜드,554,42916,184,4280,4295
038290,마크로젠,792,55366,1314,23750,23200
204320,만도,14293,284301,9440,33600,33200
001080,만호제강,48,784,13,17100,16950
267980,매일유업,1795,9171,860,94200,92700
005990,매일홀딩스,535,1652,20,11900,11900
127160,매직마이크로,1066,944871,1137,1195,1215
093520,매커스,218,20532,79,3870,3815
141070,맥스로텍,268,136883,163,1210,1180
088980,맥쿼리인프라,1670,613954,7326,11950,11900
094800,맵스리얼티1,380,81077,402,4960,4955
100590,머큐리,804,143733,1511,10450,10550
067280,멀티캠퍼스,406,7263,304,42200,42350
072870,메가스터디,1254,81740,925,11500,11050
215200,메가스터디교육,1585,19340,641,33350,33250
133750,메가엠디,18081,4049852,12166,3020,2875
041920,메디아나,335,40963,339,8240,8210
086900,메디톡스,4526,25694,9319,364900,359700
015540,메디파트너생명공학,912,123553,798,6570,6400
078160,메디포스트,2610,174861,5353,30850,29350
065650,메디프론,278,45196,201,4445,4450
138040,메리츠금융지주,2953,41601,525,12650,12450
008560,메리츠종금증권,4621,679487,3324,4885,4850
000060,메리츠화재,10329,231440,4457,19150,18850
021880,메이슨캐피탈,278,282990,80,278,288
140410,메지온,10194,259555,44760,172500,176900
241770,메카로,196,43124,596,13850,13600
090370,메타랩스,2180,406805,595,1455,1470
059210,메타바이오메드,257,79320,186,2335,2330
058110,멕아이씨에스,200,21096,75,3585,3500
096640,멜파스,216,53047,131,2480,2430
017180,명문제약,1025,167495,702,4215,4095
257370,명성티엔에스,310,37572,509,13450,13650
012690,모나리자,2557,426675,1716,4040,3970
005360,모나미,2024,296540,1318,4450,4445
080420,모다이노칩,470,77408,244,3185,3120
080160,모두투어,6830,447176,6806,15600,14100
204210,모두투어리츠,24,2598,8,2970,2975
100030,모바일리더,839,33997,816,23750,23400
087260,모바일어플라이언스,1359,347117,1915,5620,5340
101330,모베이스,3172,630880,2696,4315,4090
250060,모비스,931,341589,896,2660,2610
033200,모아텍,34,909,4,4280,4305
009680,모토닉,327,15970,137,8560,8530
118990,모트렉스,299,54259,183,3395,3375
006920,모헨즈,231,29960,127,4285,4150
009580,무림P&P,774,65137,286,4420,4325
001810,무림SP,110,16648,38,2295,2295
009200,무림페이퍼,121,21552,56,2595,2570
033920,무학,449,22135,204,9320,9150
008420,문배철강,299,54948,151,2745,2705
028040,미래SCI,29858,4062479,2241,546,552
095500,미래나노텍,145,18417,59,3180,3185
025560,미래산업,14195,8995011,1518,168,166
218150,미래생명자원,978,249854,805,3215,3255
007120,미래아이앤지,137,215189,61,288,285
006800,미래에셋대우,22156,1321474,9813,7440,7260
00680K,미래에셋대우2우B,664,118219,504,4260,4230
265480,미래에셋대우스팩1호,11,3026,6,2100,2110
310200,미래에셋대우스팩2호,90,37028,77,2090,2075
328380,미래에셋대우스팩3호,15,14224,29,2055,2075
006805,미래에셋대우우,168,21599,100,4625,4585
100790,미래에셋벤처투자,589,142493,628,4410,4305
085620,미래에셋생명,627,31624,128,4035,4015
049950,미래컴퍼니,536,11828,405,34350,33750
213090,미래테크놀로지,96,2435,22,9110,9130
207760,미스터블루,6641,698963,4931,6990,6980
002840,미원상사,32,5207,295,56100,55300
268280,미원에스씨,133,9817,697,71800,70900
107590,미원홀딩스,74,1125,46,41050,40900
134380,미원화학,89,1182,50,42600,42550
003650,미창석유,71,448,35,78500,78400
059090,미코,4129,695063,3988,5640,5770
201490,미투온,25487,4891172,35604,7390,6570
214180,민앤지,1732,126452,2128,16700,16800
155900,바다로19호,24,1290,4,2950,2950
206640,바디텍메드,630,24855,218,8750,8600
018700,바른손,893,256286,543,2095,2080
035620,바른손이앤에이,8011,2665663,4234,1585,1460
029480,바른테크놀로지,585,219201,204,940,932
053030,바이넥스,1481,267703,2382,8840,8940
064550,바이오니아,1452,76982,578,7490,7440
208710,바이오로그디바이스,255,71567,129,1825,1810
142760,바이오리더스,700,106109,799,7480,7420
086820,바이오솔루션,1885,85272,2574,30000,29950
038460,바이오스마트,279,44575,214,4800,4810
044480,바이오제네틱스,1131,179930,1211,6780,6530
086040,바이오톡스텍,11924,1896983,13171,7090,6750
032980,바이온,975,405951,552,1355,1330
043150,바텍,1212,20874,537,25850,25450
003610,방림,59,24508,49,2005,2000
267790,배럴,823,89415,954,10700,10700
001340,백광산업,459,242387,614,2545,2500
014580,백광소재,14649,2238126,10519,4775,4700
046310,백금T&A,500,177336,474,2705,2580
035150,백산,1475,304508,2113,6870,6910
036620,버추얼텍,281,77802,61,806,760
066410,버킷스튜디오,195,51641,98,1905,1880
002410,범양건영,679,127532,203,1590,1595
019010,베뉴지,92,36779,68,1810,1850
177350,베셀,185,22480,68,3025,3005
299910,베스파,253,22788,355,15350,15450
096300,베트남개발1,128,118230,52,438,438
007210,벽산,3584,583066,1112,1930,1855
225530,보광산업,379,39595,166,4175,4085
250000,보라티알,276,23300,180,7750,7740
002760,보락,890,459149,922,2020,2000
014100,보령메디앙스,328,36794,276,7520,7420
003850,보령제약,2569,144008,1771,12300,12200
006910,보성파워텍,2440,514664,1137,2230,2130
000890,보해양조,26028,30209737,37471,1250,1140
226340,본느,9710,976363,3913,4020,3810
003000,부광약품,1615,186722,2640,14200,13750
001270,부국증권,83,519,10,20300,20350
001275,부국증권우,15,1432,27,18900,18900
026940,부국철강,434,96343,369,3820,3735
014470,부방,892,212509,633,2980,2960
015350,부산가스,29,207,7,35600,35550
011390,부산산업,5614,162813,25642,159000,148500
005030,부산주공,143,50654,25,489,480
008470,부스타,204,22112,126,5730,5710
100120,뷰웍스,763,27213,656,24000,23950
066980,브레인콘텐츠,2245,550963,350,639,625
064480,브리지텍,53,4191,12,2950,2945
251630,브이원텍,3464,263821,2283,8660,8270
263920,블러썸엠앤씨,1996,233105,2829,11850,12000
033560,블루콤,675,124559,378,3040,2930
121800,비덴트,2014,231412,1973,8530,8700
148140,비디아이,250,12212,102,8320,8330
100220,비상교육,363,31379,256,8190,8020
200780,비씨월드제약,221,25964,348,13450,13350
141000,비아트론,382,67350,676,10050,9880
090460,비에이치,8077,534483,10838,19900,20200
083650,비에이치아이,291,94692,215,2280,2330
086670,비엠티,397,59402,411,6950,6840
138580,비즈니스온,835,21039,295,14100,13850
082920,비츠로셀,913,47781,519,10850,10900
042370,비츠로테크,169,18431,100,5460,5450
032850,비트컴퓨터,355,60555,241,3985,3985
101140,비티원,476,106784,293,2725,2835
238200,비피도,172,6694,147,21900,21900
093190,빅솔론,172,20145,106,5290,5320
065450,빅텍,1701,936731,2656,2845,2900
005180,빙그레,899,7448,428,57400,56000
072950,빛샘전자,180,17429,101,5730,5690
143240,사람인에이치알,2067,47915,1375,28700,28700
003960,사조대림,223,10346,176,16900,16900
008040,사조동아원,398,458103,491,1065,1060
007160,사조산업,484,9069,369,40950,40150
014710,사조씨푸드,322,35554,192,5420,5350
006090,사조오양,1118,142691,1236,8500,8580
100090,삼강엠앤티,158,33811,147,4365,4285
005090,삼광글라스,95,1712,54,31450,31500
122350,삼기오토모티브,95,20883,54,2620,2590
014970,삼륭물산,1474,298680,3072,10250,10150
018310,삼목에스폼,184,5041,48,9540,9310
053700,삼보모터스,186,25472,130,5120,5090
009620,삼보산업,2602,1987288,2020,1005,1105
023600,삼보판지,474,31162,262,8490,8300
111870,삼본전자,59211,13047769,35809,2670,2490
001470,삼부토건,882,696572,490,700,698
006400,삼성SDI,13321,210309,47816,226500,227000
006405,삼성SDI우,273,1639,145,88600,88700
006660,삼성공조,159,10110,87,8660,8650
309930,삼성머스트스팩3호,1,10,0,2150,2120
028260,삼성물산,7026,207708,19069,91700,90800
02826K,삼성물산우B,59,2368,163,68800,68300
207940,삼성바이오로직스,5926,82763,27197,329500,325000
032830,삼성생명,8824,166252,11891,71400,70300
291230,삼성스팩2호,19,29606,62,2105,2085
018260,삼성에스디에스,3643,39827,7857,197000,194500
028050,삼성엔지니어링,6793,502300,8624,17100,17050
009150,삼성전기,25359,933856,102688,110000,112000
009155,삼성전기우,790,12054,534,44150,45050
005930,삼성전자,56566,10870187,544569,50000,49150
005935,삼성전자우,9980,981668,39997,40600,40000
001360,삼성제약,10814,1731663,5049,2925,2820
010140,삼성중공업,13897,3508124,28505,8140,7960
010145,삼성중공우,169,2714,169,62000,60900
016360,삼성증권,5838,178845,6254,35000,34350
068290,삼성출판사,369,28802,347,12100,11900
029780,삼성카드,2932,66610,2303,34650,34100
000810,삼성화재,11606,102421,22922,222000,221000
000815,삼성화재우,989,7913,1293,163500,163000
006110,삼아알미늄,590,16583,74,4475,4440
009300,삼아제약,59,3557,58,16200,16150
145990,삼양사,1232,7708,382,49750,48300
145995,삼양사우,46,471,16,33950,34350
003230,삼양식품,2308,26114,2056,79000,79500
225190,삼양옵틱스,134,10853,143,13250,13100
002170,삼양통상,500,1631,100,61700,60700
272550,삼양패키징,374,4772,77,16100,16100
000070,삼양홀딩스,1427,10461,647,62300,60000
000075,삼양홀딩스우,29,69,3,44700,43950
002810,삼영무역,232,7218,117,16200,16200
054540,삼영엠텍,168,34593,118,3420,3400
005680,삼영전자,750,15339,136,8890,8810
003720,삼영화학,365,33454,35,1070,1070
023000,삼원강재,66,4147,12,2825,2820
073640,삼원테크,174,61098,69,1135,1125
004380,삼익THK,775,12663,153,12100,12000
002450,삼익악기,448,170322,310,1825,1780
032280,삼일,107,27644,56,2040,2015
002290,삼일기업공사,860,248361,822,3320,3285
000520,삼일제약,506,36581,799,21800,21600
009770,삼정펄프,117,406,14,33850,34750
037460,삼지전자,490,86272,919,10650,10550
032750,삼진,348,50018,535,10650,10450
054090,삼진엘앤디,533,176444,366,2080,2105
005500,삼진제약,822,22541,584,25550,25500
000250,삼천당제약,2454,92139,3227,35000,34800
004690,삼천리,248,2626,221,83900,84100
024950,삼천리자전거,349,26585,149,5620,5590
038500,삼표시멘트,614,82026,287,3510,3465
017480,삼현철강,229,31169,128,4145,4100
001880,삼호,354,3810,73,19350,18550
010960,삼호개발,1090,68673,302,4430,4320
046390,삼화네트웍스,684,201189,297,1495,1450
004450,삼화왕관,16,215,10,46250,46100
009470,삼화전기,418,34611,529,15200,15100
011230,삼화전자,174,38052,102,2670,2680
001820,삼화콘덴서,2373,143286,7165,50400,50600
000390,삼화페인트,796,55016,311,5680,6000
027580,상보,860,406062,435,1075,1060
038540,상상인,6948,1185175,14434,12050,11450
307870,상상인이안1호스팩,6,3060,6,2070,2075
329560,상상인이안제2호스팩,19,33104,68,2040,2040
101000,상상인인더스트리,11805,2628494,5627,2150,2005
001290,상상인증권,5387,419689,704,1650,1625
041650,상신브레이크,383,14886,59,3995,3935
091580,상신이디피,2161,122583,1033,8510,8230
263810,상신전자,261,47211,243,5170,5200
089980,상아프론테크,2372,229679,3662,16050,15300
042940,상지카일룸,190,142424,203,1430,1430
042600,새로닉스,384,1776,7,3815,3830
075180,새론오토모티브,721,22257,100,4485,4565
263540,샘코,1176,235497,1684,7230,7140
007540,샘표,1162,25800,1047,40750,41750
248170,샘표식품,816,19002,579,30400,31050
038070,서린바이오,452,27405,236,8650,8510
006730,서부T&D,2026,152589,1144,7550,7240
079650,서산,136,32614,97,2970,2980
100660,서암기계공업,11014,877648,6164,6910,6830
007860,서연,880,73166,262,3525,3540
200880,서연이화,851,40999,244,5990,5900
012860,서연전자,20424,14682904,33056,2255,1800
019770,서연탑메탈,2880,500276,1398,2725,2690
017390,서울가스,8,58,4,68800,68600
043710,서울리거,535,212532,326,1540,1545
046890,서울반도체,3101,323063,4413,13800,13500
004410,서울식품,595,1390220,248,180,176
004415,서울식품우,176,31470,114,3625,3555
063170,서울옥션,891,118617,612,5200,5170
027040,서울전자통신,132,49834,54,1095,1070
018680,서울제약,203,14382,94,6530,6470
021050,서원,454,437995,486,1115,1075
093920,서원인텍,557,41258,241,5900,5850
189860,서전기전,286,45118,180,3990,3920
178320,서진시스템,3088,335110,8741,26100,26200
122690,서진오토모티브,94,5409,12,2230,2175
140070,서플러스글로벌,221,78395,180,2325,2270
011370,서한,894,310755,405,1305,1295
065710,서호전기,350,8423,190,22750,22400
008490,서흥,1826,16136,524,32500,32100
035890,서희건설,3810,1420424,1625,1150,1125
003100,선광,67,6005,93,15550,15500
123420,선데이토즈,1019,122153,2226,18250,18200
007610,선도전기,356,72053,251,3510,3380
171090,선익시스템,1244,201126,1804,9050,8630
136490,선진,613,54820,543,9970,9820
002820,선창산업,80,10888,49,4545,4590
014620,성광벤드,4837,148178,1587,10900,10250
037350,성도이엔지,350,50679,234,4620,4565
014910,성문전자,2306,684523,1675,2405,2445
014915,성문전자우,454,27576,343,12500,12000
003080,성보화학,77,1645,8,4895,4895
004980,성신양회,857,123230,1052,8560,8330
004985,성신양회우,150,5299,61,11500,11250
011300,성안,103,61363,28,454,452
081580,성우전자,208,52938,158,3035,3025
045300,성우테크론,147,126783,521,4110,4225
015750,성우하이텍,1209,202230,714,3525,3500
000180,성창기업지주,141,52650,93,1780,1775
080470,성창오토텍,475,56388,444,7940,7730
043260,성호전자,336,46171,38,840,828
148150,세경하이테크,4361,143166,6699,47550,46900
002420,세기상사,79,593,33,56700,55500
053060,세동,125,29192,22,765,772
017510,세명전기,591,104294,519,5010,4835
214310,세미콘라이트,1228,1011012,707,699,720
004360,세방,407,8606,102,11950,11600
004365,세방우,7,87,1,6710,6720
004490,세방전지,698,7038,266,37600,37500
011560,세보엠이씨,233,16242,134,8330,8170
001430,세아베스틸,1455,29026,464,16100,15600
306200,세아제강,330,1556,99,64200,61800
003030,세아제강지주,224,689,35,51100,50500
019440,세아특수강,408,7537,100,13400,13350
058650,세아홀딩스,23,480,39,81400,80800
013000,세우글로벌,1440,1225125,2390,1995,1910
100700,세운메디칼,318,42650,147,3450,3400
234100,세원,180,50415,126,2500,2500
091090,세원셀론텍,377,182557,554,3015,2990
067830,세이브존I&C,182,23620,80,3400,3380
033530,세종공업,551,53674,237,4440,4365
258830,세종메디칼,323,29849,259,8620,8650
036630,세종텔레콤,1279,2010302,801,398,389
039310,세중,206,51775,159,3120,3070
075580,세진중공업,408,130561,708,5400,5400
067770,세진티에스,155,42144,116,2795,2740
053450,세코닉스,306,60057,411,6850,6850
234340,세틀뱅크,4768,199322,7061,34750,36650
027970,세하,888,174299,493,2845,2845
252500,세화피앤씨,890,247315,705,2815,2805
051980,센트럴바이오,3257,2059139,1758,807,830
049180,셀루메드,679,129945,702,5390,5380
299660,셀리드,10082,639707,15298,23300,22750
268600,셀리버리,4347,305296,13239,42950,42900
208370,셀바스헬스케어,246,46395,93,2010,1975
068270,셀트리온,12364,322327,58751,182500,181500
068760,셀트리온제약,4410,221719,8636,38950,38950
091990,셀트리온헬스케어,6889,428768,23372,54400,53900
053110,소리바다,450,347328,314,900,911
032680,소프트센,5944,4567946,8478,1850,1600
032685,소프트센우,553,23399,615,25200,23000
066910,손오공,500,255065,385,1535,1480
043100,솔고바이오,655,970169,224,231,232
154040,솔루에타,256,38066,120,3190,3110
035610,솔본,213,41694,176,4200,4200
036830,솔브레인,9610,404482,33290,82200,81300
230980,솔트웍스,312,67161,251,3765,3620
004430,송원산업,4125,107176,1995,18550,18450
086980,쇼박스,867,312853,967,3105,3050
050960,수산아이앤티,88,5404,33,6210,6150
017550,수산중공업,502,327924,481,1475,1450
084180,수성,439,95129,309,3310,3270
253840,수젠텍,3978,379295,2535,6700,6500
002200,수출포장,125,6318,120,19150,18750
058530,슈펙스비앤피,933,535503,252,467,475
236200,슈프리마,1122,83597,1910,22800,22650
317770,슈프리마아이디,191,10145,202,19950,19800
094840,슈프리마에이치큐,116,18110,98,5460,5440
192440,슈피겐코리아,4400,57189,3411,59400,57800
099440,스맥,291,94427,252,2670,2660
053210,스카이라이프,661,24096,217,9090,8870
033790,스카이문스테크놀로지,219,33206,31,935,920
159910,스킨앤스킨,174,192811,62,324,322
158310,스타모빌리티,588,208588,639,3105,3130
115570,스타플렉스,35,3355,16,4650,4650
253450,스튜디오드래곤,4630,73201,4850,66400,65000
013810,스페코,215,54772,154,2810,2815
049830,승일,87,4565,40,8770,8780
020710,시공테크,145,10415,52,4990,4910
033170,시그네틱스,11304,1874050,1993,1065,1060
048870,시너지이노베이션,492,211539,420,1995,2040
025320,시노펙스,2531,1145286,3399,2945,2990
134790,시디즈,65,557,22,39250,39250
269620,시스웍,260,58087,148,2555,2535
131090,시큐브,266,189326,251,1335,1300
016590,신대양제지,890,12482,826,66500,64300
029530,신도리코,1477,8761,333,38200,37450
004970,신라교역,508,130667,1672,12900,12900
001000,신라섬유,209,51787,101,1935,1900
025870,신라에스지,607,53684,779,14700,14700
215600,신라젠,46322,11231143,158829,13700,13450
065350,신성델타테크,151,22038,67,3050,2995
011930,신성이엔지,1589,630048,588,949,916
005390,신성통상,2360,2092756,3307,1560,1600
004170,신세계,5357,32749,8150,247000,245500
034300,신세계건설,375,5586,137,25100,24450
031430,신세계인터내셔날,4733,40763,7902,191000,196000
031440,신세계푸드,347,2599,192,74300,73700
006880,신송홀딩스,718,121115,502,4100,4195
056000,신스타임즈,2978,489940,1037,2200,1780
002800,신신제약,411,65966,407,6150,6160
307180,신영스팩4호,496,174803,371,2140,2130
323280,신영스팩5호,80,19362,41,2100,2100
005800,신영와코루,16,58,6,105000,105000
001720,신영증권,249,1888,104,54900,54800
001725,신영증권우,87,594,31,52800,52800
009270,신원,10156,1737463,3750,2160,2100
009275,신원우,180,1830,95,51900,51300
017000,신원종합개발,120,14741,55,3700,3690
002700,신일산업,2980,2334645,3759,1615,1570
012790,신일제약,90,4454,38,8700,8550
138070,신진에스엠,40,2214,12,5530,5450
019170,신풍제약,492,109913,683,6190,6210
019175,신풍제약우,110,6760,37,5490,5490
002870,신풍제지,115,74252,96,1300,1300
293940,신한알파리츠,473,83279,664,7990,7990
277480,신한제4호스팩,6,12005,25,2110,2105
323230,신한제5호스팩,77,33956,71,2085,2085
055550,신한지주,12671,701068,29740,42500,41350
001770,신화실업,275,6494,149,22850,22550
056700,신화인터텍,2833,552413,2412,4350,4190
187270,신화콘텍,74,23763,65,2740,2755
004080,신흥,15,26,0,9370,9390
243840,신흥에스이씨,278,14575,495,33900,33750
108320,실리콘웍스,4232,105068,3577,33700,33300
222800,심텍,5140,351767,3486,9900,9810
036710,심텍홀딩스,246,71341,120,1695,1670
160980,싸이맥스,547,73881,687,9360,9100
217330,싸이토젠,2117,342550,3675,10850,10850
102280,쌍방울,665,763424,764,1000,995
003410,쌍용양회,2979,320914,1897,5900,5850
003415,쌍용양회우,175,24148,252,10600,10400
010280,쌍용정보통신,1467,1068749,1727,1655,1650
003620,쌍용차,666,149572,411,2805,2695
004770,써니전자,30390,6731512,24965,3670,3570
208640,썸에이지,2362,899265,492,548,535
222420,쎄노텍,1774,759056,1756,2325,2305
037760,쎄니트,87,11093,19,1710,1685
136510,쎄미시스코,142,17307,132,7680,7630
099320,쎄트렉아이,763,47525,1000,21000,21300
049960,쎌바이오텍,1467,115211,2242,19400,19200
050890,쏠리드,4259,880487,5190,5850,5920
222080,씨아이에스,2089,311712,725,2340,2285
004920,씨아이테크,217,73322,35,479,474
264660,씨앤지하이테크,1197,114798,939,8150,8200
112610,씨에스윈드,1512,39642,1242,32000,31400
225330,씨엠에스에듀,593,11070,61,5500,5480
115480,씨유메디칼,124,24883,54,2160,2190
096530,씨젠,1934,111446,2527,22700,22100
900120,씨케이에이치,459,750716,256,338,333
101240,씨큐브,75,9023,70,7810,7670
047920,씨트리,4023,549810,2864,5290,4915
060590,씨티씨바이오,1619,273221,1700,6030,6110
036170,씨티젠,59288,11330887,26780,2290,1980
260930,씨티케이코스메틱스,204,6790,101,14900,14550
013990,아가방컴퍼니,1208,288946,1052,3640,3620
123860,아나패스,2709,139035,4209,30200,29400
025980,아난티,10896,2405236,29498,12400,11900
008700,아남전자,883,322384,724,2255,2230
125210,아모그린텍,1376,59436,497,8400,8320
002790,아모레G,6366,224099,14947,67900,63600
002795,아모레G우,379,12366,342,27900,26500
090430,아모레퍼시픽,7942,202827,30702,152500,149500
090435,아모레퍼시픽우,435,12728,952,75600,74500
052710,아모텍,2659,102907,2248,21650,21300
074430,아미노로직스,781,333219,701,2105,2090
092040,아미코젠,533,52426,1180,22700,22350
083930,아바코,1093,127665,688,5390,5310
149950,아바텍,151,8109,65,8100,8040
036010,아비코전자,221,20384,93,4580,4530
002030,아세아,195,223,26,115500,114500
183190,아세아시멘트,681,1785,157,89500,86600
002310,아세아제지,850,33536,1014,30450,29100
050860,아세아텍,2347,389086,1651,4350,4190
246720,아스타,123,4329,21,4890,4845
067390,아스트,10493,836072,7941,9440,9070
127710,아시아경제,187,54818,115,2125,2105
267850,아시아나IDT,862,87880,1534,17400,16950
020560,아시아나항공,3062,978891,5156,5290,5220
154030,아시아종묘,978,144468,922,6400,6240
227610,아우딘퓨쳐스,382,42699,358,8360,8170
143160,아이디스,6555,138965,4450,32800,32600
054800,아이디스홀딩스,36,2787,37,13300,13300
122900,아이마켓코리아,2199,232239,2343,10100,10150
099190,아이센스,1591,65072,1820,27850,28150
289010,아이스크림에듀,168,15505,127,8200,8190
214430,아이쓰리시스템,216,19219,362,18900,18800
040910,아이씨디,5998,507147,6965,13600,13550
068940,아이씨케이,405,207068,355,1735,1710
052860,아이앤씨,1515,356776,1806,5090,4980
010780,아이에스동서,794,22705,696,30700,30100
069920,아이에스이커머스,67,5775,28,4920,4900
038880,아이에이,9359,1162684,633,545,535
123010,아이에이네트웍스,951,109218,654,5960,5780
101390,아이엠,345,179098,199,1110,1100
226350,아이엠텍,288,256999,258,1010,998
078860,아이오케이,481,504681,999,1945,2055
114810,아이원스,580,114557,641,5660,5380
031310,아이즈비전,476,39636,174,4425,4315
185490,아이진,743,80888,834,10200,10300
059100,아이컴포넌트,124,11658,71,6090,6070
175250,아이큐어,557,40060,954,23750,23600
052460,아이크래프트,16269,3964378,14060,3390,3080
119830,아이텍,465,61621,371,5970,6140
124500,아이티센,381,71007,304,4320,4280
027360,아주IB투자,169,37133,36,980,976
033660,아주캐피탈,873,22722,247,10900,10950
032080,아즈텍WB,127,8969,16,1825,1785
013310,아진산업,2184,449696,1300,2925,2875
059120,아진엑스텍,271,23868,159,6760,6450
067160,아프리카TV,2714,49115,3263,66100,66900
001540,안국약품,766,113570,1297,11350,11400
053800,안랩,2647,134500,8273,62000,60800
065660,안트로젠,1375,82492,3524,42400,41750
297570,알로이스,1331,183214,449,2460,2525
001780,알루코,908,123945,277,2245,2185
260660,알리코제약,5557,449719,5533,12150,12450
131370,알서포트,4492,1268201,4001,3190,3175
140670,알에스오토메이션,600,68654,650,9470,9360
096610,알에프세미,341,61313,345,5660,5630
061040,알에프텍,725,184067,1369,7470,7340
148250,알엔투테크놀로지,222,34650,439,12750,12800
196170,알테오젠,1873,129975,4980,39000,37800
123750,알톤스포츠,54,14693,33,2225,2250
085810,알티캐스트,7059,864889,1741,2030,2045
117670,알파홀딩스,1012,167386,1163,7100,6880
293780,압타바이오,4781,427626,8066,18400,18850
018250,애경산업,961,52559,1597,30400,29950
161000,애경유화,1073,186705,1477,7950,7710
196300,애니젠,1287,80629,765,9240,9430
205500,액션스퀘어,1980,363792,491,1330,1385
052790,액토즈소프트,218,18129,201,11200,11050
131400,액트,162,86576,388,4455,4510
290740,액트로,579,125664,1386,11050,10950
238090,앤디포스,2214,335140,1677,5050,4830
092600,앤씨앤,634,164786,392,2380,2315
174900,앱클론,5235,119793,4887,39650,40050
255440,야스,4514,378383,9382,24050,25800
030960,양지사,378,13337,141,10650,10550
102120,어보브반도체,1373,159887,909,5720,5550
019990,에너토크,269,27290,104,3835,3820
011090,에넥스,537,260543,279,1085,1035
041440,에버다임,74,8991,43,4745,4745
038680,에스넷,1751,344755,2499,7350,7050
217480,에스디생명공학,17889,3400960,24770,7270,7470
121890,에스디시스템,530,185514,477,2545,2600
097780,에스맥,1768,1704124,1442,840,842
073070,에스모,62769,24449973,56628,2270,2335
042110,에스씨디,193,99744,107,1085,1070
103230,에스앤더블류,1105,135775,433,3220,3040
900080,에스앤씨엔진그룹,175,104782,47,448,453
101490,에스앤에스텍,11961,1179216,11822,10050,9740
095910,에스에너지,1197,13692,52,3755,3735
275630,에스에스알,280,41393,279,6830,6610
031330,에스에이엠티,1139,614589,1348,2195,2195
060540,에스에이티,331,140671,276,1975,1970
056190,에스에프에이,5863,159901,6760,42650,41750
080000,에스엔유,254,35648,95,2660,2585
160600,에스엔텍비엠,2811,851791,2359,2760,2775
005850,에스엘,1894,29381,649,22150,21800
041510,에스엠,23095,1414909,52540,37250,34450
007820,에스엠코어,958,120943,1022,8510,8180
109610,에스와이,186,26312,111,4225,4210
012750,에스원,2415,40490,3901,96600,96200
080440,에스제이케이,644,154287,299,1890,2060
096630,에스코넥,520,290272,408,1415,1395
069510,에스텍,442,18553,217,11900,11850
041910,에스텍파마,1004,123227,894,7240,7020
234300,에스트래픽,297,28527,213,7470,7310
039440,에스티아이,6077,505773,9247,18550,17100
098660,에스티오,210,20645,49,2350,2280
052020,에스티큐브,1327,262300,2919,10900,10500
237690,에스티팜,1017,34611,616,17950,17450
050760,에스폴리텍,191,44448,160,3590,3545
288620,에스퓨얼셀,590,61518,945,15450,15000
317830,에스피시스템스,1408,209985,1661,7730,7770
058610,에스피지,398,54640,416,7660,7600
043340,에쎈테크,236,69579,60,873,859
023960,에쓰씨엔지니어링,176,33889,51,1500,1500
298690,에어부산,8164,777850,4973,6420,6280
054630,에이디칩스,3426,835355,1148,1355,1340
200710,에이디테크놀로지,2410,125347,2018,16150,16000
140910,에이리츠,26,3187,20,6440,6410
078520,에이블씨엔씨,799,32029,349,10800,10700
298380,에이비엘바이오,13033,1549322,30265,19200,18900
003800,에이스침대,71,861,29,33400,33750
088800,에이스테크,9667,1636715,12504,7580,7950
241840,에이스토리,4216,149163,1413,9550,9240
039230,에이아이비트,84879,3449072,1930,562,556
312610,에이에프더블류,355,43963,611,13900,13850
015260,에이엔피,207,147747,50,343,339
072990,에이치시티,379,34804,338,9700,9740
176440,에이치엔티,320,60323,796,13250,13250
028300,에이치엘비,50803,2649313,328669,122300,110500
067630,에이치엘비생명과학,18289,3535439,53280,14500,13900
043220,에이치엘비파워,3250,2071663,1971,915,896
239610,에이치엘사이언스,2173,35903,2309,64700,64700
044780,에이치케이,2624,160361,254,1590,1575
071670,에이테크솔루션,427,41486,335,8060,7950
045660,에이텍,2288,421421,3817,9200,8790
224110,에이텍티앤,471,70859,579,8220,8060
021080,에이티넘인베스트,238,166362,297,1775,1775
089530,에이티세미콘,123,148317,78,526,519
003060,에이프로젠제약,42423,46228424,57095,1210,1235
089970,에이피티씨,702,67097,425,6410,6440
230240,에치에프알,5219,370434,8942,24300,25050
064510,에코마이스터,6241,786256,4614,5840,5590
230360,에코마케팅,7412,247260,8190,32450,32400
038870,에코바이오,272,24644,126,5140,5060
128540,에코캡,19727,2043867,6882,3230,3385
086520,에코프로,1216,139945,2639,18950,18450
247540,에코프로비엠,7138,163655,8216,50500,48800
038110,에코플라스틱,133,41572,66,1615,1605
073540,에프알텍,1779,294814,1858,6290,6250
064090,에프앤리퍼블릭,339,204383,211,1035,1005
036810,에프에스티,2885,600844,4249,7110,6730
173940,에프엔씨엔터,668,8478,62,7350,7230
083500,에프엔에스테크,825,73131,404,5420,5600
054940,엑사이엔씨,12902,1606943,3225,1980,2025
950130,엑세스바이오,2862,406273,909,2270,2275
205100,엑셈,295,99849,274,2735,2740
092870,엑시콘,276,52899,313,5930,5880
067570,엔브이에이치코리아,94,30411,84,2755,2770
101400,엔시트론,257,257067,119,467,459
036570,엔씨소프트,5297,33160,17169,518000,516000
217820,엔에스,1010,142935,857,5950,6160
138250,엔에스쇼핑,1705,27315,270,10000,9600
031860,엔에스엔,401,131357,174,1315,1315
256840,엔에이치스팩11호,12376,2446320,6432,2520,2360
273060,엔에이치스팩12호,20,50336,106,2100,2105
310840,엔에이치스팩13호,7,1400,3,2120,2135
319400,엔에이치스팩14호,10,5441,11,2080,2075
208860,엔지스테크널러지,253,31943,153,4860,4810
183490,엔지켐생명과학,1562,47148,2363,50400,48250
085310,엔케이,359,147097,188,1280,1275
182400,엔케이맥스,568,99095,1023,10450,10150
009810,엔케이물산,1247,1236109,911,737,740
206400,엔터메이트,1555,294838,216,733,726
069410,엔텔스,258,22151,264,11950,12100
048830,엔피케이,357,200597,364,1835,1805
096870,엘디티,215,18867,50,2645,2690
900140,엘브이엠씨홀딩스,389,167989,621,3690,3695
061970,엘비세미콘,11177,2045261,16844,8280,7960
138690,엘아이에스,264,47354,628,13200,13350
290650,엘앤씨바이오,855,36673,844,23250,23050
066970,엘앤에프,2463,153473,3362,21900,21650
073110,엘엠에스,1218,180074,3283,18300,17800
083310,엘오티베큠,1212,227996,1883,8440,7960
037950,엘컴텍,623,219317,341,1555,1570
170920,엘티씨,1969,236201,3364,13950,14450
058630,엠게임,915,92246,311,3375,3335
097520,엠씨넥스,7445,838665,20392,24000,23950
179290,엠아이텍,1787,368700,1752,4740,4625
009780,엠에스씨,113,10038,54,5410,5350
123040,엠에스오토텍,10082,1558665,8859,5690,5540
032790,엠젠플러스,1256,194038,981,5100,5060
033160,엠케이전자,322,33890,267,7850,7820
259630,엠플러스,240,18733,307,16250,16600
115960,연우,957,33001,766,23250,22850
090740,연이정보통신,1153,266901,1787,6620,6710
014440,영보화학,77,7196,24,3390,3390
007530,영신금속,158,90775,169,1860,1880
143540,영우디에스피,1478,588876,945,1620,1605
111770,영원무역,5987,88563,2987,33900,33900
009970,영원무역홀딩스,1370,6551,331,51600,51000
036180,영인프런티어,1428,376790,3903,10350,10400
003520,영진약품,2959,626490,3127,4975,4880
000670,영풍,178,360,207,576000,568000
036560,영풍정밀,444,13815,115,8380,8340
006740,영풍제지,352,24230,72,3000,3005
012280,영화금속,154,71545,98,1370,1365
265560,영화테크,506,43624,488,11400,11000
012160,영흥철강,672,144355,156,1095,1050
036000,예림당,589,86132,344,4005,3930
250930,예선테크,364,70312,204,2850,2960
053280,예스24,184,47351,309,6490,6500
015360,예스코홀딩스,48,437,17,38600,38050
122640,예스티,708,46570,504,10750,10750
900300,오가닉티코스메틱,2099,482304,880,1805,1810
045060,오공,550,142965,498,3495,3435
080520,오디텍,485,72922,351,4840,4720
007310,오뚜기,502,2127,1215,569000,562000
079440,오렌지라이프,4835,172879,4641,27150,26300
039830,오로라,336,62316,701,11200,11150
046120,오르비텍,1379,353679,1511,4295,4130
014940,오리엔탈정공,139,86258,72,829,832
002630,오리엔트바이오,552,796623,340,428,420
065500,오리엔트정공,364,631731,234,373,367
271560,오리온,5275,67307,6862,102000,101500
001800,오리온홀딩스,838,25300,407,16000,15850
010470,오리콤,57,4813,23,4860,4835
053980,오상자이엘,150,9724,69,7230,7180
052420,오성첨단소재,27892,12673343,35553,2725,2825
241790,오션브릿지,779,53931,554,10300,10100
039200,오스코텍,1536,182532,3643,20100,19350
226400,오스테오닉,308,17035,56,3305,3250
031510,오스템,427,105200,222,2145,2070
048260,오스템임플란트,1863,68177,2750,40150,40100
138080,오이솔루션,8212,433573,21387,49150,51200
080580,오킨스전자,722,29275,105,3640,3530
067170,오텍,690,86000,999,11600,11700
173130,오파스넷,149,14649,96,6570,6480
049480,오픈베이스,30490,5445458,17949,3220,3435
244460,올리패스,8868,927919,20207,22200,21900
226950,올릭스,1450,89901,3353,37000,36850
057540,옴니시스템,228,125521,215,1720,1680
057680,옴니텔,264,155863,240,1530,1565
082210,옵트론텍,961,133305,774,5790,5780
109080,옵티시스,440,81100,597,7420,7330
153710,옵티팜,396,60382,596,9770,9790
057030,와이비엠넷,32509,9542695,42424,4700,3770
122990,와이솔,4356,277853,4008,14450,14050
232140,와이아이케이,1762,626567,1813,2795,2825
067900,와이엔텍,678,84809,637,7530,7460
155650,와이엠씨,1147,247713,943,3805,3615
251370,와이엠티,1072,88954,2567,28150,30000
066430,와이오엠,1369,240580,2675,10950,11650
193250,와이제이엠게임즈,733,274378,475,1735,1735
019210,와이지-원,733,71639,550,7730,7550
122870,와이지엔터테인먼트,8558,556412,14052,25650,23950
079000,와토스코리아,31,4839,27,5650,5650
070960,용평리조트,1707,394922,2682,6810,6680
114630,우노앤컴퍼니,23071,948579,4289,4310,3935
316140,우리금융지주,5090,2121408,25080,11800,11500
032820,우리기술,5130,941152,868,924,905
041190,우리기술투자,1331,660076,1795,2710,2750
115440,우리넷,5559,257537,2758,10600,10550
004720,우리들제약,528,56999,358,6280,6250
118000,우리들휴브레인,4866,1459650,4296,2915,2870
046970,우리로,219,78249,178,2265,2280
082850,우리바이오,176,35568,33,907,906
215360,우리산업,1157,24758,535,21400,21600
072470,우리산업홀딩스,121,13829,41,2975,2960
073560,우리손에프앤지,3120,1863407,3850,2080,2100
153490,우리이앤엘,60,7605,5,709,707
037400,우리조명,166,101108,95,947,963
010050,우리종금,1532,697391,467,670,666
101170,우림기계,150,18679,69,3675,3675
006980,우성사료,1952,612388,2041,3320,3330
066590,우수AMS,577,157490,493,3160,3110
017370,우신시스템,438,21567,97,4530,4620
046940,우원개발,499,120753,458,3765,3730
215380,우정바이오,403,44190,229,5240,5240
065680,우주일렉트로,142,30524,244,8050,7970
105840,우진,2625,398584,2042,5050,4880
018620,우진비앤지,20148,4158898,14883,3490,3550
010400,우진아이엔에스,119,14604,121,8360,8300
049800,우진플라임,85,11555,43,3705,3625
016880,웅진,2835,6271059,10993,1760,1355
095720,웅진씽크빅,68334,38164825,122185,3250,2665
021240,웅진코웨이,7639,357074,29550,82200,81400
005820,원림,16,470,8,18000,17600
032940,원익,278,74770,263,3555,3485
240810,원익IPS,5095,325762,9727,29750,29200
074600,원익QnC,6900,611812,7453,12300,11650
104830,원익머트리얼즈,3099,163652,4406,27100,26100
014190,원익큐브,811,510984,1116,2160,2180
030530,원익홀딩스,2092,188978,792,4230,4075
012620,원일특강,26,3199,29,8910,8910
008370,원풍,112,7175,26,3680,3680
008290,원풍물산,3236,664478,3174,4755,4800
101160,월덱스,665,236886,1570,6640,6410
095270,웨이브일렉트로,1350,51620,1136,21700,22700
010600,웰바이오텍,1823,286233,684,2420,2355
065950,웰크론,1169,437694,1516,3470,3415
114190,웰크론강원,140,81653,152,1860,1865
076080,웰크론한텍,101,13451,26,1965,1930
196700,웹스,184,97200,203,2110,2105
069080,웹젠,4531,177669,3036,17000,17300
053580,웹케시,5191,95688,4812,49150,49100
071460,위니아딤채,301,65531,183,2795,2785
044340,위닉스,2296,281368,6557,23200,23150
112040,위메이드,5846,242309,6860,28350,29700
038620,위즈코프,274,144375,159,1115,1090
299900,위지윅스튜디오,2034,112588,1889,16950,16200
036090,위지트,301,174759,166,948,947
136540,윈스,3372,156470,2032,12950,13300
097800,윈팩,967,722039,1255,1745,1685
192390,윈하이텍,146,27682,101,3660,3615
313760,윌링스,302,45715,547,12000,11800
008600,윌비스,1218,201493,218,1080,1075
900340,윙입푸드,42262,6502612,15079,2145,2215
033270,유나이티드제약,863,23018,453,19800,19750
014830,유니드,2417,8749,405,46600,45900
215090,유니맥스글로벌,4502,749214,1600,2090,2120
036200,유니셈,3151,855429,3937,4595,4480
018000,유니슨,406,305040,256,845,830
000910,유니온,1418,287297,1299,4510,4670
047400,유니온머티리얼,1249,545371,1413,2580,2650
203450,유니온커뮤니티,93,12607,34,2705,2700
011330,유니켐,3732,1164011,2324,2025,1975
077500,유니퀘스트,359,53289,349,6510,6500
011320,유니크,1260,191487,1192,6250,6120
086390,유니테스트,3295,262031,3917,15000,14600
241690,유니테크노,147,9907,107,10900,10700
142210,유니트론텍,337,43526,233,5420,5260
048430,유라테크,52,3974,21,5380,5400
206650,유바이오로직스,481,66496,417,6250,6270
089850,유비벨록스,471,61905,518,8430,8380
032620,유비케어,2820,147416,775,5250,5250
264450,유비쿼스,327,10867,358,32800,33000
078070,유비쿼스홀딩스,1394,104689,2661,25000,26000
002920,유성기업,80,13061,36,2745,2695
024800,유성티엔에스,413,61400,190,3090,3070
000700,유수홀딩스,378,22921,165,7200,7220
054930,유신,956,53159,1175,21850,21200
069330,유아이디,85,22212,27,1205,1215
049520,유아이엘,590,24735,129,5210,5190
287410,유안타제3호스팩,1,10,0,2100,2095
313750,유안타제4호스팩,7,371,1,2090,2095
003470,유안타증권,362,113838,303,2665,2625
003475,유안타증권우,34,1570,3,1950,1930
056090,유앤아이,88,4837,32,6620,6530
011690,유양디앤유,1515,319476,1895,5870,5980
263770,유에스티,333,62088,263,4265,4200
072130,유엔젤,229,50984,179,3540,3445
000220,유유제약,185,18337,202,11000,11000
000225,유유제약1우,33,1093,7,6850,6870
000227,유유제약2우B,33,351,7,19000,19000
195990,유지인트,1803,2068104,2720,1305,1295
023410,유진기업,2252,289269,1360,4720,4610
056080,유진로봇,276,48158,131,2740,2710
321260,유진스팩4호,30,4603,10,2095,2080
331380,유진스팩5호,50,61307,125,2045,2045
084370,유진테크,3436,353514,5125,14500,13750
001200,유진투자증권,451,215847,459,2135,2065
178780,유테크,675,416830,1115,2660,2735
179900,유티아이,1067,142945,2949,20900,20850
263050,유틸렉스,2785,65832,3809,56900,56900
000100,유한양행,3188,22541,5054,223000,221500
000105,유한양행우,28,104,21,204000,204500
003460,유화증권,31,739,9,12250,12200
003465,유화증권우,9,2024,27,13200,13200
191410,육일씨엔에쓰,96,26000,71,2745,2715
008730,율촌화학,651,58879,819,13950,13850
072770,율호,335,175759,199,1180,1105
008250,이건산업,730,64724,522,8150,7810
039020,이건홀딩스,77,15426,42,2730,2710
025820,이구산업,337,65398,105,1610,1565
060230,이그잭스,1220,177083,236,1350,1295
067920,이글루시큐리티,135,10887,48,4410,4385
044960,이글벳,7889,812953,5701,6980,6940
302430,이노메트리,202,7617,222,29250,29000
214320,이노션,8054,45348,3028,66900,65100
073490,이노와이어리스,2589,138579,4433,32700,31800
215790,이노인스트루먼트,118,11858,48,4000,3995
246960,이노테라피,4215,400438,5382,13450,13000
088390,이녹스,198,17493,106,6080,6070
272290,이녹스첨단소재,4825,109041,6236,56500,56800
053350,이니텍,100,13828,68,4985,4900
258610,이더블유케이,2222,293127,2423,8500,8040
041520,이라이콤,230,27223,134,4935,4825
054210,이랜텍,4024,762159,4050,5380,5040
065440,이루온,246,77065,98,1265,1250
088260,이리츠코크렙,761,78409,535,6830,6800
139480,이마트,6009,103870,11706,113500,109500
115610,이미지스,345,10951,32,2930,2800
323210,이베스트이안스팩1호,44,31503,66,2095,2110
078020,이베스트투자증권,1230,206698,1131,5500,5390
080010,이상네트웍스,65,6544,48,7290,7320
086890,이수앱지스,1427,152993,1068,6880,6830
007660,이수페타시스,2043,465930,1992,4280,4300
005950,이수화학,1940,134044,1589,11900,11600
015020,이스타코,63,25679,15,575,572
047560,이스트소프트,157,12355,86,7020,7000
067010,이씨에스,24,1822,8,4245,4225
093230,이아이디,4177,4306408,1145,265,263
223310,이에스브이,383,631678,108,170,168
052190,이에스에이,8131,2295271,5302,2210,2140
226360,이엑스티,2428,576834,2198,3885,3840
102710,이엔에프테크놀로지,2461,165057,3528,21350,20950
063760,이엘피,270,45153,453,10150,9900
123570,이엠넷,181,51322,145,2820,2845
095190,이엠코리아,1362,298796,1353,4535,4435
091120,이엠텍,807,63373,575,9030,9080
102460,이연제약,25419,2204562,38205,15700,15800
039030,이오테크닉스,5138,148257,14000,93900,92100
088290,이원컴포텍,13955,2352329,11131,4845,4220
084680,이월드,9370,2933877,9879,3340,3205
181340,이즈미디어,254,58256,320,5490,5350
035810,이지바이오,3704,585626,3021,5180,5140
090850,이지웰페어,1116,59011,530,9130,8950
099750,이지케어텍,500,38535,605,15500,15650
092130,이크레더블,145,4747,88,18350,18400
016250,이테크건설,433,4501,324,72800,71400
096040,이트론,82599,13943647,4513,324,319
134060,이퓨쳐,780,31527,198,6290,6470
001840,이화공영,821,170708,914,5330,5170
000760,이화산업,14,542,8,15150,15150
024810,이화전기,17703,8893657,2102,236,238
014990,인디에프,4068,1663215,5168,3110,3010
041830,인바디,3417,57938,1372,23650,23650
079950,인베니아,1170,136618,347,2550,2525
277410,인산가,108,34124,56,1650,1640
060150,인선이엔티,2927,252686,1824,7250,7110
033230,인성정보,206,34545,80,2385,2355
006490,인스코비,10293,3312621,10454,3250,3045
037330,인지디스플레,3663,519037,1078,2100,2045
023800,인지컨트롤스,640,52789,261,4975,4910
034590,인천도시가스,9,108,3,29250,29200
083640,인콘,101700,57073440,108122,1915,1640
216050,인크로스,673,12891,282,22050,21850
049070,인탑스,2108,72659,855,11650,11700
119610,인터로조,762,26565,686,25950,25350
017250,인터엠,600,252038,652,2615,2490
129260,인터지스,358,33890,71,2095,2100
108790,인터파크,444,37211,196,5260,5230
035080,인터파크홀딩스,352,135763,308,2270,2260
051370,인터플렉스,3737,281780,3605,12550,12900
064290,인텍플러스,108,11283,56,4980,5000
189300,인텔리안테크,3942,158956,6362,40250,39850
150840,인트로메딕,11531,1283848,5157,4050,3800
048530,인트론바이오,2664,627736,7937,12750,12200
023810,인팩,414,14332,54,3740,3840
175140,인포마크,36,1320,17,12600,12550
115310,인포바인,37,555,11,20750,20600
039290,인포뱅크,149,14099,86,6160,6030
041020,인프라웨어,171,66396,83,1245,1260
071200,인피니트헬스케어,216,35165,205,5830,5800
101930,인화정공,105,16793,87,5230,5030
249420,일동제약,1150,114856,1889,16250,16200
000230,일동홀딩스,218,4601,50,10850,10750
013360,일성건설,6739,1493571,2035,1345,1220
003120,일성신약,132,335,28,83700,83400
068330,일신바이오,490,239769,410,1715,1705
003200,일신방직,308,1208,89,74500,74500
007110,일신석재,21584,4516120,13520,3000,2885
058450,일야,188,58397,76,1305,1280
007570,일양약품,616,23268,477,20450,20000
007575,일양약품우,42,683,11,16950,16450
008500,일정실업,4,210,4,18650,19000
019540,일지테크,5187,323594,1478,4540,4455
081000,일진다이아,2987,104082,3212,31000,30400
020760,일진디스플,978,48375,174,3605,3600
020150,일진머티리얼즈,5128,197105,7257,36750,36450
103590,일진전기,164,20985,66,3150,3170
094820,일진파워,205,25988,149,5740,5630
015860,일진홀딩스,1283,165888,838,5060,5120
226320,잇츠한불,685,35175,682,19300,18700
950140,잉글우드랩,81,17550,90,5170,5080
049550,잉크테크,807,80998,330,4095,3890
043910,자연과환경,3781,1885629,2087,1120,1075
234920,자이글,729,138834,945,6930,6980
033240,자화전자,1640,81356,802,9910,9830
174880,장원테크,2887,724942,1828,2500,2455
049630,재영솔루텍,505,396650,432,1090,1060
000950,전방,22,170,3,16100,16100
110020,전진바이오팜,7128,462879,4265,8780,8510
065530,전파기지국,6259,1240785,5140,4140,4125
208140,정다운,1141,417215,1180,2830,2835
022220,정산애강,250,58155,120,2075,2050
040420,정상제이엘에스,133,6805,52,7630,7640
045510,정원엔시스,37,5298,8,1460,1465
065620,제낙스,3129,239075,787,3275,3310
217190,제너셈,5397,1080581,3325,2955,2810
095700,제넥신,2362,109777,6022,55000,53500
072520,제넨바이오,13940,396270,761,1940,1905
122310,제노레이,10424,407863,7854,19150,16900
187420,제노포커스,526,115008,648,5610,5470
123330,제닉,162,23314,121,5180,5120
159580,제로투세븐,2178,79250,832,10450,10700
147830,제룡산업,322,58259,339,5830,5700
033100,제룡전기,782,140013,913,6570,6310
079370,제우스,792,58279,706,12100,12000
054950,제이브이엠,190,1846,63,34050,34300
096690,제이스테판,578,309288,664,2160,2200
090470,제이스텍,3066,293378,3542,12000,12050
137950,제이씨케미칼,7437,1225378,8161,6540,6790
033320,제이씨현시스템,832,99936,434,4380,4260
194370,제이에스코퍼레이션,712,9084,130,14350,14400
026040,제이에스티나,408,71564,399,5590,5470
126880,제이엔케이히터,10165,703186,3996,5700,5680
033050,제이엠아이,1197,341789,439,1295,1280
094970,제이엠티,1308,278613,1426,5140,5190
058420,제이웨이,483,140334,156,1120,1090
025620,제이준코스메틱,740,217826,939,4290,4205
036420,제이콘텐트리,7604,202704,7163,35550,34000
089790,제이티,642,133760,550,4170,3945
030000,제일기획,4261,217304,5363,24800,24600
052670,제일바이오,35044,5703921,31064,5180,5290
271980,제일약품,657,31006,1016,32650,32350
001560,제일연마,33,744,5,6340,6330
023440,제일제강,542,130311,277,2105,2110
038010,제일테크노스,85,26999,105,3880,3880
002620,제일파마홀딩스,659,23850,396,16750,16050
080220,제주반도체,357,77684,241,3135,3025
006220,제주은행,1121,14775,63,4250,4225
089590,제주항공,11545,377177,9256,24900,23000
082270,젬백스,2332,416440,5239,13050,12000
041590,젬백스지오,372,88737,84,961,956
044060,조광ILI,45872,6048980,41935,6980,6090
004910,조광페인트,288,14937,93,6220,6220
004700,조광피혁,249,878,33,37100,37700
001550,조비,507,39689,733,18450,17900
000480,조선내화,134,772,66,85400,85100
120030,조선선재,200,1278,105,83500,82200
034940,조아제약,558,154288,587,3785,3785
101730,조이맥스,235,22674,111,4930,5000
067000,조이시티,66,2441,19,7970,8010
018470,조일알미늄,70,47505,35,722,728
002600,조흥,9,28,4,152000,151500
185750,종근당,1220,18790,1610,85600,85300
063160,종근당바이오,501,18422,536,29300,28950
001630,종근당홀딩스,1650,19647,1757,89000,88200
033340,좋은사람들,14606,2970596,11451,3850,3710
036930,주성엔지니어링,3447,599814,4374,7340,7140
044380,주연테크,495,507569,193,386,380
239340,줌인터넷,7953,524516,3038,5690,5820
072020,중앙백신,2129,183934,3429,18650,18200
000440,중앙에너비스,1053,111304,767,6860,7420
054180,중앙오션,427,278117,549,1940,1940
228760,지노믹트리,1656,133710,2391,17800,17850
043610,지니뮤직,1126,229816,865,3730,3790
263860,지니언스,611,9663,47,4890,4850
303030,지니틱스,420,143871,353,2440,2450
114570,지스마트글로벌,1390,979361,455,458,469
051160,지어소프트,459,76670,431,5710,5510
053050,지에스이,144,78400,112,1440,1425
119850,지엔씨에너지,217,23819,102,4300,4200
065060,지엔코,594,411615,436,1065,1045
204840,지엘팜텍,915,389518,508,1300,1325
013870,지엠비코리아,616,59933,306,5130,5180
018290,지엠피,2340,110231,957,8640,8750
071320,지역난방공사,1438,4886,247,50500,51200
010580,지코,6980,481502,389,822,818
035000,지투알,51,1346,9,7000,6950
115450,지트리비앤티,1486,127467,2642,20700,20700
219750,지티지웰니스,475,104909,357,3390,3375
088790,진도,364,18929,73,3920,3850
018120,진로발효,60,1537,46,30300,30200
109820,진매트릭스,1149,54489,141,2590,2590
086060,진바이오텍,12947,950887,5206,5410,5360
036890,진성티이씨,1034,77662,566,7300,7130
003780,진양산업,314,53434,177,3340,3210
007370,진양제약,85,8009,27,3410,3410
010640,진양폴리,232,45915,117,2560,2475
100250,진양홀딩스,174,29176,73,2520,2500
051630,진양화학,800,138318,657,4780,4600
272450,진에어,4949,260197,4000,15550,14600
011000,진원생명과학,546,67837,288,4270,4200
002780,진흥기업,131,26698,52,1960,1960
002787,진흥기업2우B,42,1302,17,13050,13000
002785,진흥기업우B,114,3926,20,5090,5080
085660,차바이오텍,1421,219513,3222,14550,14600
009310,참엔지니어링,118,22992,24,1040,1020
094850,참좋은여행,914,95163,571,6080,5820
004650,창해에탄올,214,22586,286,12650,12600
278280,천보,1885,27631,1834,66800,65900
000650,천일고속,22,164,12,71300,71900
096240,청담러닝,1132,20135,378,18700,18600
013720,청보산업,140,50334,120,2420,2350
012600,청호컴넷,84,13698,41,3015,3000
066360,체리부로,2662,750121,2222,2940,3030
033250,체시스,3455,730992,3201,4355,4465
047820,초록뱀,3065,1693835,2464,1475,1455
094360,칩스앤미디어,626,56605,525,9330,9050
001140,카리스국보,1768,487766,2191,4475,4600
016920,카스,605,198337,338,1685,1655
035720,카카오,13465,317019,42677,134500,135000
042000,카페24,2091,42971,2728,63200,63400
006380,카프로,244,33731,118,3520,3455
071850,캐스텍코리아,81,6968,20,2890,2885
050110,캠시스,4689,1330608,3765,2820,2805
900310,컬러레이,47137,6508618,13617,1970,2020
078340,컴투스,2185,34753,3192,91900,90800
307930,컴퍼니케이,1790,155162,1227,7870,7850
263700,케어랩스,372,40655,521,12750,13300
221980,케이디켐,35,1496,18,12250,12100
043290,케이맥,56,10009,121,12000,12250
317030,케이비17호스팩,6,663,1,2090,2125
001620,케이비아이동국실업,140,28971,22,771,768
258790,케이비제11호스팩,267,119284,255,2135,2105
323940,케이비제18호스팩,42,11903,25,2065,2070
330990,케이비제19호스팩,19,11294,23,2040,2045
192250,케이사인,2463,652279,805,1235,1230
029460,케이씨,630,67955,930,13850,13300
115500,케이씨에스,390,39787,161,4115,3960
281820,케이씨텍,5492,391616,7338,19250,17500
089150,케이씨티,113,48688,106,2190,2160
025880,케이씨피드,1405,479282,1168,2465,2400
093320,케이아이엔엑스,2529,52594,1627,30950,30500
060900,케이알피앤이,298,74602,60,796,810
073010,케이에스피,158,34564,57,1640,1620
105330,케이엔더블유,226,40155,213,5390,5100
039420,케이엘넷,212,54973,130,2360,2355
083550,케이엠,856,139581,1031,7420,7220
032500,케이엠더블유,21640,995814,70035,69700,72900
225430,케이엠제약,570,226778,522,2280,2255
145270,케이탑리츠,105,53274,48,908,905
064820,케이프,387,219646,458,2100,2050
256940,케이피에스,938,58921,1044,17700,17450
024880,케이피에프,589,94655,464,4885,4875
042040,케이피엠테크,1042,1016223,1040,1040,1000
054410,케이피티유,116,15176,65,4330,4355
217600,켐온,3202,1145395,1774,1555,1530
089010,켐트로닉스,1595,245556,2795,11350,11250
220260,켐트로스,10977,1065739,3905,3605,3635
052400,코나아이,4027,372602,6274,16700,17900
033110,코너스톤네트웍스,13950,1161129,1384,1180,1225
094860,코닉글로리,666,254941,170,665,658
047770,코데즈컴바인,737,131632,398,3010,3015
224060,코디엠,3613,2535481,1324,530,498
078650,코렌,823,171933,256,1505,1500
027050,코리아나,1068,242647,849,3480,3455
007815,코리아써우,15,969,3,2845,2865
007810,코리아써키트,6371,1153128,7502,6500,6960
00781K,코리아써키트2우B,2,26,0,4370,4310
101670,코리아에스이,157,44162,54,1235,1200
123410,코리아에프티,32950,4684940,14964,3275,3065
152330,코리아오토글라스,1179,27530,459,16800,16300
003690,코리안리,1268,51139,406,7970,7870
036690,코맥스,251,31348,119,3830,3775
049430,코메론,214,18886,151,8000,7980
183300,코미코,450,20565,517,25250,24500
041960,코미팜,2459,249366,3152,12500,12500
089890,코세스,689,14655,110,7510,7540
009730,코센,6252,2981317,4223,1495,1325
192820,코스맥스,2761,91348,6436,71000,69700
044820,코스맥스비티아이,583,9970,134,13500,13200
222040,코스맥스엔비티,2305,185439,1215,6580,6260
241710,코스메카코리아,690,26138,362,13850,13700
005070,코스모신소재,1770,292571,2431,8370,8300
005420,코스모화학,1169,181075,1153,6350,6230
069110,코스온,190,48254,319,6760,6400
071950,코아스,1911,394093,539,1385,1315
166480,코아스템,272,25647,239,9300,9240
045970,코아시아,333,53857,340,6340,6500
029960,코엔텍,1632,195126,1977,10250,10050
002020,코오롱,16428,1728196,34186,19750,16800
003070,코오롱글로벌,639,52821,484,9180,8850
003075,코오롱글로벌우,1996,80744,1512,17850,17100
144620,코오롱머티리얼,275,104850,149,1425,1410
102940,코오롱생명과학,6912,1554903,45407,29250,22500
002025,코오롱우,7973,905687,12452,12800,11250
120110,코오롱인더,3975,152943,6588,43350,41600
120115,코오롱인더우,281,13108,270,20650,20300
138490,코오롱플라스틱,391,90924,436,4795,4695
033290,코웰패션,5078,441252,2656,6040,6020
056360,코위버,466,45988,386,8380,8430
282880,코윈테크,1295,52423,1355,25700,26350
121850,코이즈,2057,234307,286,1200,1195
015710,코콤,239,23586,154,6530,6500
052330,코텍,875,15216,191,12550,12450
126600,코프라,496,80504,251,3120,3130
200130,콜마비앤에이치,1365,31336,824,26300,26100
031820,콤텍시스템,493,373350,481,1280,1280
192400,쿠쿠홀딩스,1134,2759,307,111000,110000
284740,쿠쿠홈시스,3091,14983,593,39250,39050
060280,큐렉소,838,151504,1079,7030,7400
015590,큐로,471,295944,269,908,882
040350,큐로컴,322,203583,218,1075,1055
051780,큐로홀딩스,149,62172,32,517,517
115180,큐리언트,2649,48767,1179,24000,23600
182360,큐브엔터,796,285401,709,2495,2415
066310,큐에스아이,2026,196516,2293,11450,11650
016600,큐캐피탈,145,87017,46,526,517
264900,크라운제과,114,4577,39,8570,8430
26490K,크라운제과우,183,8393,67,7940,7920
005740,크라운해태홀딩스,263,29602,312,10600,10400
005745,크라운해태홀딩스우,80,3922,53,13750,13600
114120,크루셜텍,449,192278,186,973,949
110790,크리스에프앤씨,166,1994,41,20600,20600
083790,크리스탈,2414,257344,3566,13850,13700
900250,크리스탈신소재,5041,1545920,3332,2120,2115
045520,크린앤사이언스,2100,112285,3245,28900,28800
214150,클래시스,3944,342180,4964,14550,14400
237880,클리오,1160,52813,990,18800,18450
139670,키네마스터,777,13115,141,10650,11150
020120,키다리스튜디오,1191,127278,523,4140,4195
311270,키움제5호스팩,2,201,0,2115,2115
039490,키움증권,5085,54632,3676,67600,66100
054780,키이스트,9349,1360107,3696,2710,2690
219130,타이거일렉,425,35190,173,4935,4845
065130,탑엔지니어링,1001,233726,2023,8600,8500
015890,태경산업,328,31121,173,5580,5550
006890,태경화학,464,54009,274,5070,5050
023160,태광,1892,181457,1930,10800,10250
003240,태광산업,167,350,391,1120000,1109000
011280,태림포장,2459,390780,2017,5210,5070
053620,태양,62,1553,14,9010,8990
004100,태양금속,111,51876,53,1035,1030
004105,태양금속우,106,23402,67,2890,2860
009410,태영건설,1356,47049,598,12700,12700
009415,태영건설우,84,6044,43,7070,7050
044490,태웅,268,17881,175,9840,9750
001420,태원물산,318,25727,108,4265,4190
007980,태평양물산,802,87886,243,2770,2770
191420,테고사이언스,783,46273,1162,24750,24850
182690,테라셈,1436,888545,1557,1805,1705
066700,테라젠이텍스,1864,433042,3488,8000,7750
095610,테스,8986,736341,15717,21650,20300
131970,테스나,8781,210817,8803,42200,42100
055490,테이팩스,90,4932,116,23500,23400
089030,테크윙,4275,339015,3887,11600,10950
054450,텔레칩스,1688,159167,2026,12800,12400
091440,텔레필드,329,29243,93,3205,3215
078000,텔코웨어,128,5545,77,13900,13800
200230,텔콘RF제약,5424,1317351,7138,5370,5340
214420,토니모리,2620,119337,1191,9980,9660
215480,토박스코리아,1307,354106,394,1120,1110
051360,토비스,147,11108,70,6360,6310
045340,토탈소프트,40,11824,33,2805,2790
108230,톱텍,1581,180163,1482,8200,8120
079970,투비소프트,451,159375,415,2590,2585
105550,트루윈,729,82755,431,5100,5410
026150,특수건설,640,163305,846,5160,4995
117730,티로보틱스,370,43690,435,9980,9740
033830,티비씨,3985,2651730,3711,1410,1350
064760,티씨케이,5480,62001,3199,51400,50100
246710,티앤알바이오팹,7767,439785,4965,11250,11200
131290,티에스이,580,73252,590,8040,7700
019180,티에이치엔,1505,317616,1428,4405,4580
062860,티엘아이,88,7364,35,4840,4825
091810,티웨이항공,1237,271864,1364,5080,4835
004870,티웨이홀딩스,4339,630884,1077,1730,1665
104480,티케이케미칼,3750,2340950,6018,2580,2480
081150,티플랙스,1415,347117,806,2320,2270
130740,티피씨글로벌,176,8738,22,2500,2490
084730,팅크웨어,166,11820,89,7510,7480
046210,파나진,126,17077,46,2680,2650
034230,파라다이스,7567,521452,9806,18900,18450
033540,파라텍,206,26000,129,4980,4950
043200,파루,1615,542060,1245,2300,2205
214450,파마리서치프로덕트,1546,36170,1213,33950,33050
208340,파멥신,1669,97407,3779,38250,37850
005690,파미셀,11579,1395200,12009,8400,8510
177830,파버나인,138,36582,143,3935,3940
037070,파세코,1685,239447,2203,9260,9200
150900,파수닷컴,54,22304,90,3955,4000
037030,파워넷,5482,303901,1490,4830,4810
047310,파워로직스,3106,864606,8772,10000,10050
170790,파이오링크,55,3795,22,5890,5840
049120,파인디앤씨,354,90287,159,1775,1740
038950,파인디지털,29,2952,11,3670,3600
106240,파인테크닉스,124,68244,115,1690,1675
131760,파인텍,600,568544,656,1155,1155
065690,파커스,136,38065,115,3000,3005
140860,파크시스템스,387,9274,352,38000,38050
091700,파트론,5057,737177,8924,11950,11950
038160,팍스넷,3491,395206,3111,7740,7630
032800,판타지오,845,594051,304,519,519
043090,팜스웰바이오,1245,327607,1057,3210,3300
036580,팜스코,755,137422,676,4930,4880
027710,팜스토리,2916,1901655,1984,1040,1045
225590,패션플랫폼,114,66404,88,1315,1310
054300,팬스타엔터프라이즈,3754,2436831,2647,1100,1050
068050,팬엔터테인먼트,1001,106468,441,4145,3995
028670,팬오션,18746,2848889,13210,4715,4400
222110,팬젠,248,8204,63,7760,7780
010820,퍼스텍,620,165861,352,2105,2130
016800,퍼시스,147,9216,280,30500,30450
263750,펄어비스,3053,23492,4686,199600,200800
251970,펌텍코리아,615,38090,626,16450,16100
001020,페이퍼코리아,239,87963,57,653,650
087010,펩트론,2178,120866,1550,12800,12600
090080,평화산업,1261,182783,239,1330,1285
043370,평화정공,2133,67407,677,10000,9930
010770,평화홀딩스,161,12246,50,4095,4065
119500,포메탈,96,7049,19,2780,2740
016670,포비스티앤씨,6332,3146902,5077,1610,1555
058430,포스코강판,270,4740,85,18000,17800
009520,포스코엠텍,21362,4320234,24557,5510,5250
047050,포스코인터내셔널,3157,223205,4037,18300,17900
003670,포스코케미칼,4277,274090,11754,42750,41750
189690,포시에스,100,4511,28,6270,6170
256630,포인트엔지니어링,269,143088,296,2080,2090
141020,포티스,3661,1713480,1190,684,706
290720,푸드나무,273,22289,417,18600,18750
005670,푸드웰,198,17116,106,6200,6230
094940,푸른기술,20533,1826000,29819,16100,14700
007330,푸른저축은행,172,10839,87,8060,7980
017810,풀무원,428,23826,224,9400,9430
093380,풍강,8849,2446492,8672,3595,3225
023900,풍국주정,1249,94559,1762,18800,18500
103140,풍산,1981,57940,1293,22400,21650
005810,풍산홀딩스,517,11405,384,34100,33700
195440,퓨전데이타,2741,6648249,1896,286,300
214270,퓨쳐스트림네트웍스,2675,695665,915,1305,1315
220100,퓨쳐켐,34,2899,36,12550,12600
035200,프럼파스트,114,29713,90,3055,2995
203690,프로스테믹스,10128,1701295,7178,4230,4005
053610,프로텍,1809,122147,2134,17400,17250
053160,프리엠스,41,7310,43,5930,5890
075130,플랜티넷,108,9264,43,4710,4630
023770,플레이위드,1789,147728,2982,19950,19350
300080,플리토,3279,346322,7721,21800,22350
032580,피델릭스,128,46243,63,1355,1355
051380,피씨디렉트,315,51651,323,6370,6140
241820,피씨엘,566,57619,442,7740,7580
237750,피앤씨테크,201,9434,58,6180,6160
131390,피앤이솔루션,547,39187,377,9580,9500
024850,피에스엠씨,163,103134,97,958,937
319660,피에스케이,3483,315280,5712,18300,17250
031980,피에스케이홀딩스,506,27676,204,7350,7160
002230,피에스텍,147,12573,50,4030,4040
137400,피엔티,932,257501,1595,6280,6070
128660,피제이메탈,370,135607,336,2485,2450
006140,피제이전자,75,5469,26,4670,4690
087600,픽셀플러스,171,13168,62,4700,4680
057880,필로시스헬스케어,357,303674,459,1505,1505
033180,필룩스,104327,49131191,250793,5460,4200
064800,필링크,1326,1000637,1284,1285,1255
161580,필옵틱스,886,147064,1217,8330,8070
284620,하나금융11호스팩,16,2842,6,2110,2090
320000,하나금융13호스팩,18,15949,33,2065,2060
086790,하나금융지주,27845,1461572,50934,35000,33650
099340,하나니켈1호,286,218856,98,450,448
099350,하나니켈2호,923,541112,646,1235,1205
067310,하나마이크론,384,131912,549,4165,4150
307160,하나머스트제6호스팩,61,37691,81,2130,2130
166090,하나머티리얼즈,15473,855871,12661,15150,14050
293480,하나제약,609,40480,942,23300,23400
039130,하나투어,6198,251607,11374,45750,42700
136480,하림,6290,2405360,7630,3125,3205
003380,하림지주,1591,143232,1327,9380,9040
172580,하이골드12호,21,4980,14,2795,2815
153360,하이골드3호,9,95,0,1800,1810
159650,하이골드8호,24,31801,60,1895,1890
149980,하이로닉,463,45832,221,4860,4700
013030,하이록코리아,429,12451,222,17900,17450
126700,하이비젼시스템,722,93650,791,8470,8230
200470,하이셈,1766,189991,1070,5650,5390
071090,하이스틸,304,11000,242,22050,21250
317240,하이제4호스팩,0,0,0,0,2115
221840,하이즈항공,134,24950,121,4820,4810
106190,하이텍팜,64,6815,81,11950,11950
019490,하이트론,39,3464,12,3555,3550
000080,하이트진로,10752,842972,22074,25850,27150
000087,하이트진로2우B,23,3793,63,16650,16850
000140,하이트진로홀딩스,1550,59350,649,10800,10900
000145,하이트진로홀딩스우,447,16433,285,17400,17600
066130,하츠,1498,361879,2524,6930,6940
152550,한국ANKOR유전,11,4285,8,1775,1770
004590,한국가구,132,10572,42,3945,3985
036460,한국가스공사,3892,164940,6639,40600,39100
039340,한국경제TV,1608,315901,1559,4900,4760
005430,한국공항,358,2693,104,38750,38250
071050,한국금융지주,12024,129045,9439,73100,72200
071055,한국금융지주우,411,2496,108,43000,42450
034950,한국기업평가,231,1740,105,60600,60500
010040,한국내화,8344,1668554,8444,5010,4880
025540,한국단자,1157,9213,403,43550,42900
222980,한국맥널티,105,5398,47,8750,8760
318000,한국바이오젠,6272,547094,4907,8820,9110
004090,한국석유,481,8764,953,107500,111500
025550,한국선재,825,147153,371,2530,2435
002960,한국쉘석유,183,706,234,332000,329000
023890,한국아트라스비엑스,132,1173,60,51800,50000
017890,한국알콜,326,30768,251,8210,8100
080720,한국유니온제약,2627,82771,1091,13100,12950
123890,한국자산신탁,2446,129350,439,3400,3405
015760,한국전력,10410,733859,18710,25550,25300
063570,한국전자금융,970,79309,531,6750,6540
041460,한국전자인증,289,41218,140,3385,3340
006200,한국전자홀딩스,184,21065,15,718,719
101680,한국정밀기계,156,21264,57,2690,2640
039740,한국정보공학,79,13304,42,3165,3185
053300,한국정보인증,81,18354,65,3560,3545
025770,한국정보통신,489,30871,259,8440,8350
271740,한국제5호스팩,10,8162,17,2115,2120
281410,한국제6호스팩,0,0,0,0,2075
291210,한국제7호스팩,5,660,1,2090,2100
310870,한국제8호스팩,0,0,0,0,2140
002300,한국제지,164,6477,115,17800,17700
009540,한국조선해양,8630,191048,24702,129500,127000
023350,한국종합기술,177,14564,58,3980,3955
025890,한국주강,66,26981,46,1725,1690
000970,한국주철관,263,34766,366,10550,10450
104700,한국철강,2382,53644,254,4760,4700
017960,한국카본,4787,290453,2601,8970,8850
023760,한국캐피탈,126,59041,34,571,570
054040,한국컴퓨터,317,60147,158,2660,2540
050540,한국코퍼레이션,303,116848,275,2345,2345
161890,한국콜마,7130,195236,8267,42750,41400
024720,한국콜마홀딩스,1314,54892,1135,20800,20400
021650,한국큐빅,123,13104,29,2270,2235
161390,한국타이어앤테크놀로지,3852,142150,4443,31250,31000
053590,한국테크놀로지,749,826915,1064,1270,1295
000240,한국테크놀로지그룹,870,19337,271,14000,13850
034830,한국토지신탁,923,309323,664,2150,2140
007280,한국특수형강,134,46131,63,1365,1365
168490,한국패러랠,7,3324,7,2230,2230
037230,한국팩키지,223,37440,74,2000,1955
010100,한국프랜지,6513,2371984,5412,2250,2170
047810,한국항공우주,4812,181030,6938,38400,38150
123690,한국화장품,341,50819,401,7920,7730
003350,한국화장품제조,717,45692,1287,27850,27550
030520,한글과컴퓨터,536,33794,341,10100,9970
052600,한네트,429,141059,420,2990,2955
011500,한농화성,239,4203,17,4000,3960
002390,한독,280,16816,363,21500,21200
256150,한독크린텍,633,104012,1719,16400,16500
014790,한라,243,36585,116,3165,3125
092460,한라IMS,89,7282,50,6920,6940
060980,한라홀딩스,1856,13083,536,40850,40250
222810,한류AI센터,965,822639,340,414,402
053690,한미글로벌,242,20879,187,8890,8950
042700,한미반도체,3429,158318,1067,6800,6480
008930,한미사이언스,2757,160246,6353,39500,39100
128940,한미약품,2468,21759,6327,291000,286500
047080,한빛소프트,449,139245,480,3455,3395
009240,한샘,2124,108836,6237,57400,56900
020000,한섬,3460,65231,1887,29050,28350
003680,한성기업,276,37899,218,5710,5640
105630,한세실업,4969,102943,1891,18350,18200
069640,한세엠케이,210,16610,70,4210,4215
016450,한세예스24홀딩스,614,37119,277,7480,7370
010420,한솔PNS,916,244364,402,1645,1605
009180,한솔로지스틱스,135,109114,138,1255,1250
070300,한솔시큐어,165,32425,175,5400,5410
221610,한솔씨앤피,140,8710,59,6770,6780
070590,한솔인티큐브,173,7514,19,2525,2525
213500,한솔제지,1887,62723,961,15450,15100
014680,한솔케미칼,6842,70679,6154,86500,85100
004710,한솔테크닉스,1198,280693,1977,7060,7110
004150,한솔홀딩스,173,30713,125,4070,3980
025750,한솔홈데코,5386,345062,420,1225,1180
226440,한송네오텍,676,440322,603,1385,1360
042520,한스바이오메드,2331,44724,995,22350,22000
004960,한신공영,145,9331,144,15550,15200
011700,한신기계,271,108554,182,1685,1635
078350,한양디지텍,147,23408,115,4895,4950
045100,한양이엔지,1022,91842,1072,11750,11350
001750,한양증권,40,7261,53,7360,7260
001755,한양증권우,23,810,6,8140,8160
018880,한온시스템,4665,567457,6577,11600,11600
009420,한올바이오파마,8196,488826,15843,31800,31650
014130,한익스프레스,461,53389,285,5380,5420
046110,한일네트웍스,142,17767,78,4385,4360
024740,한일단조,569,290412,461,1600,1610
005860,한일사료,5038,1013206,2060,2020,2035
300720,한일시멘트,524,2128,215,100500,100500
123840,한일진공,194,52124,48,914,909
002220,한일철강,61,23692,51,2170,2170
006390,한일현대시멘트,728,24652,827,33750,32800
003300,한일홀딩스,364,4702,231,48600,48950
007770,한일화학,214,13292,191,14350,14300
051600,한전KPS,3083,78895,2613,33200,32700
052690,한전기술,1187,47651,1010,21250,20750
002320,한진,4069,82787,2489,29850,29200
097230,한진중공업,450,80059,367,4580,4540
003480,한진중공업홀딩스,115,6524,18,2750,2785
180640,한진칼,10168,707310,21827,31100,30000
18064K,한진칼우,5222,178302,7499,41950,40200
005110,한창,74642,15279158,53578,3435,3315
079170,한창산업,274,33643,193,5700,5710
009460,한창제지,18887,10742486,34862,3285,3045
086960,한컴MDS,247,23870,270,11300,11300
054920,한컴위드,249,85622,226,2705,2575
077280,한컴지엠디,46,37704,85,2265,2250
002680,한탑,99,22858,46,2010,1995
066110,한프,318,99020,75,764,759
000880,한화,4259,181027,4492,25100,23800
00088K,한화3우B,1496,60198,838,13950,13750
027390,한화갤러리아타임월드,428,10779,190,17600,17550
088350,한화생명,7931,2465946,5787,2340,2260
000370,한화손해보험,3872,827845,2502,3005,2995
265920,한화수성스팩,31,55134,112,2045,2045
317320,한화에스비아이스팩,508,126917,443,3475,3480
012450,한화에어로스페이스,7387,147314,6133,41600,41300
264290,한화에이스스팩3호,25,13000,27,2085,2090
279410,한화에이스스팩4호,16,4861,10,2085,2090
000885,한화우,733,28944,831,28500,28450
009830,한화케미칼,11102,751701,13717,18250,17750
009835,한화케미칼우,300,12681,152,12100,11900
003530,한화투자증권,441,253646,532,2115,2060
003535,한화투자증권우,94,3849,8,2100,2085
220630,해마로푸드서비스,979,370529,1000,2715,2690
195870,해성디에스,3981,167646,2396,14400,14050
034810,해성산업,73,1661,16,9500,9510
076610,해성옵틱스,666,277558,481,1740,1745
101530,해태제과식품,310,20620,160,7860,7600
220180,핸디소프트,161,9958,28,2765,2780
143210,핸즈코퍼레이션,587,29469,210,7170,7210
900270,헝셩그룹,16771,7115031,8125,1105,1105
084990,헬릭스미스,31626,1536384,153125,101300,99200
000720,현대건설,13603,345098,15658,45500,44500
267270,현대건설기계,9190,246836,7719,31700,29300
000725,현대건설우,150,802,131,163500,161500
170030,현대공업,1959,318130,1089,3490,3270
005440,현대그린푸드,1709,80758,900,11200,10900
086280,현대글로비스,5463,50416,7654,151000,149500
064350,현대로템,2479,365246,6873,18900,18300
079430,현대리바트,817,16843,230,13700,13300
012330,현대모비스,14411,188982,45876,240500,244000
010620,현대미포조선,7292,118756,5569,46550,46000
048410,현대바이오,39754,7700782,121906,15550,15650
069960,현대백화점,1953,30088,2293,76000,75700
004560,현대비앤지스틸,334,15395,141,9200,9120
004565,현대비앤지스틸우,24,283,17,59600,59100
016790,현대사료,566,44536,635,14200,13900
011760,현대상사,829,65015,1194,18350,18000
011200,현대상선,1523,412261,1436,3500,3425
004310,현대약품,2685,472373,2359,4980,4920
126560,현대에이치씨엔,495,37603,140,3730,3680
017800,현대엘리베이,7972,297331,23942,80500,78200
307950,현대오토에버,2682,30279,1612,53000,53200
011210,현대위아,1944,94498,4210,44400,44200
267260,현대일렉트릭,843,162093,1739,10700,10450
004020,현대제철,6675,220112,8145,37000,36450
267250,현대중공업지주,7553,32002,11378,355500,347500
005380,현대차,34563,1257788,155220,122000,126000
005387,현대차2우B,6051,47062,3810,81100,81200
005389,현대차3우B,302,5805,417,71500,72600
005385,현대차우,1348,24693,1808,72900,73700
001500,현대차증권,241,57671,616,10650,10550
227840,현대코퍼레이션홀딩스,1436,134277,1648,12400,11950
039010,현대통신,86,4648,37,8020,7970
001450,현대해상,10764,274739,7359,26650,25900
057050,현대홈쇼핑,2605,18339,1564,84800,84700
204990,현성바이탈,4541,418584,1051,2505,2490
092300,현우산업,943,69297,232,3340,3385
053660,현진소재,545,340488,645,1880,1925
011080,형지I&C,78,23744,14,613,600
093240,형지엘리트,419,49646,68,1375,1325
003010,혜인,3927,253819,1253,4910,4730
111110,호전실업,287,4441,65,14500,14650
008770,호텔신라,10455,341563,27132,79100,78800
008775,호텔신라우,122,5024,257,51400,51200
060560,홈센타홀딩스,181,92387,107,1165,1145
064240,홈캐스트,3533,356449,1762,4900,4815
039610,화성밸브,10158,709083,5175,7110,6770
002460,화성산업,220,26295,318,12100,12050
013520,화승알앤에이,361,70078,140,2005,1995
241590,화승엔터프라이즈,6569,380786,5595,14850,14850
006060,화승인더,4674,294445,3083,10650,10600
010690,화신,1796,230939,825,3615,3465
126640,화신정공,135,46309,53,1150,1130
086250,화신테크,840,212310,515,2440,2435
204630,화이브라더스코리아,117,14359,35,2430,2420
133820,화인베스틸,6563,1291265,4337,3425,3130
061250,화일약품,205,29758,170,5710,5690
010660,화천기계,71295,21362060,80452,3175,4535
000850,화천기공,482,8647,333,38450,38500
016580,환인제약,674,17520,286,16450,16250
032560,황금에스티,473,25045,197,7880,7760
004800,효성,4089,47981,4063,84700,83400
094280,효성ITX,280,37430,422,11400,11000
097870,효성오앤비,273,15968,114,7150,7020
298040,효성중공업,940,21193,647,30650,29700
298050,효성첨단소재,1602,31781,3968,125000,124500
298020,효성티앤씨,2686,23775,3912,164500,162000
298000,효성화학,3179,16678,2967,179500,178500
093370,후성,7376,1221964,10573,8640,8590
050090,휘닉스소재,315,154844,101,662,649
081660,휠라코리아,8821,340684,20160,58700,58100
290270,휴네시온,2943,193698,1140,5840,5830
005870,휴니드,192,13304,93,6970,7030
090710,휴림로봇,1006,739182,675,927,898
205470,휴마시스,352,131420,192,1465,1445
115160,휴맥스,921,77700,408,5280,5130
028080,휴맥스홀딩스,15,285,1,3395,3370
200670,휴메딕스,178,8372,192,22800,22800
079980,휴비스,1473,49647,295,5970,5870
065510,휴비츠,195,9872,86,8760,8650
005010,휴스틸,127,12029,125,10400,10250
243070,휴온스,1112,41932,1853,44250,43200
084110,휴온스글로벌,467,23023,663,28900,28350
145020,휴젤,1212,5835,2175,374600,367700
069260,휴켐스,1536,44343,994,22500,22100
024060,흥구석유,22324,3736712,23280,6200,7370
010240,흥국,1080,158546,763,4875,4620
000540,흥국화재,179,25737,82,3190,3160
000547,흥국화재2우B,12,12,0,19450,19500
000545,흥국화재우,34,1423,7,4640,4615
003280,흥아해운,443,225962,91,404,405
037440,희림,215,14773,66,4495,4485
238490,힘스,3104,198764,4628,23000,23200